data_year,Aggravated Assault,All Other Offenses (Except Traffic),Arson,Burglary,Curfew and Loitering Law Violations,Disorderly Conduct,Driving Under the Influence,Drug Abuse Violations - Grand Total,Drunkenness,Embezzlement,Forgery and Counterfeiting,Fraud,Gambling - Total,Human Trafficking - Commercial Sex Acts,Human Trafficking - Involuntary Servitude,Larceny - Theft,Liquor Laws,Manslaughter by Negligence,Motor Vehicle Theft,Murder and Nonnegligent Manslaughter,Offenses Against the Family and Children,Prostitution and Commercialized Vice,Rape,Robbery,Simple Assault,"Stolen Property: Buying, Receiving, Possessing",Suspicion,Vagrancy,Vandalism,"Weapons: Carrying, Possessing, Etc.","Sex Offenses (Except Rape, and Prostitution and Commercialized Vice)",ori
2020.0,387.0,826.0,9.0,73.0,0.0,19.0,139.0,1299.0,81.0,7.0,6.0,8.0,0.0,0.0,0.0,101.0,0.0,0.0,27.0,4.0,0.0,10.0,10.0,49.0,387.0,142.0,0.0,5.0,52.0,137.0,27.0,CA0010000
2020.0,87.0,182.0,5.0,22.0,0.0,3.0,69.0,144.0,0.0,1.0,3.0,4.0,0.0,0.0,0.0,71.0,1.0,0.0,19.0,1.0,0.0,0.0,1.0,14.0,160.0,5.0,0.0,0.0,22.0,12.0,17.0,CA0010100
2020.0,152.0,273.0,11.0,128.0,0.0,1.0,77.0,392.0,20.0,1.0,0.0,1.0,0.0,0.0,0.0,287.0,0.0,0.0,49.0,4.0,0.0,0.0,3.0,76.0,220.0,26.0,0.0,8.0,40.0,47.0,27.0,CA0010300
2020.0,34.0,36.0,0.0,31.0,0.0,1.0,33.0,49.0,0.0,1.0,1.0,1.0,0.0,0.0,0.0,73.0,0.0,0.0,18.0,0.0,0.0,1.0,0.0,7.0,45.0,12.0,0.0,4.0,10.0,34.0,0.0,CA0010400
2020.0,120.0,185.0,7.0,85.0,0.0,1.0,60.0,208.0,41.0,8.0,1.0,2.0,0.0,0.0,0.0,67.0,0.0,0.0,61.0,1.0,0.0,0.0,3.0,43.0,101.0,52.0,0.0,0.0,33.0,36.0,15.0,CA0010500
2020.0,184.0,580.0,1.0,32.0,0.0,2.0,106.0,361.0,0.0,3.0,4.0,1.0,0.0,0.0,0.0,88.0,2.0,0.0,60.0,1.0,0.0,0.0,3.0,21.0,286.0,56.0,0.0,1.0,51.0,55.0,16.0,CA0010600
2020.0,110.0,215.0,2.0,41.0,0.0,3.0,207.0,451.0,86.0,7.0,4.0,11.0,0.0,0.0,0.0,89.0,1.0,0.0,7.0,1.0,0.0,0.0,5.0,29.0,102.0,85.0,0.0,5.0,12.0,50.0,7.0,CA0010700
2020.0,46.0,146.0,0.0,14.0,0.0,0.0,77.0,191.0,20.0,0.0,2.0,4.0,0.0,0.0,0.0,63.0,0.0,0.0,9.0,0.0,0.0,0.0,0.0,15.0,45.0,25.0,0.0,3.0,10.0,26.0,5.0,CA0010800
2020.0,1066.0,1352.0,22.0,348.0,0.0,42.0,232.0,341.0,9.0,20.0,25.0,5.0,10.0,0.0,0.0,101.0,2.0,2.0,565.0,52.0,6.0,184.0,30.0,294.0,1632.0,214.0,0.0,1.0,366.0,402.0,54.0,CA0010900
2020.0,0.0,9.0,0.0,2.0,0.0,0.0,7.0,15.0,0.0,0.0,0.0,0.0,0.0,0.0,0.0,3.0,0.0,0.0,21.0,0.0,0.0,0.0,0.0,1.0,2.0,7.0,0.0,0.0,1.0,0.0,0.0,CA0011000
2020.0,56.0,92.0,2.0,87.0,0.0,0.0,91.0,329.0,67.0,10.0,0.0,3.0,0.0,0.0,0.0,92.0,1.0,0.0,13.0,5.0,0.0,0.0,0.0,15.0,82.0,33.0,0.0,6.0,8.0,29.0,8.0,CA0011100
2020.0,117.0,63.0,2.0,54.0,0.0,1.0,90.0,118.0,160.0,1.0,5.0,3.0,0.0,0.0,0.0,98.0,0.0,0.0,143.0,5.0,2.0,0.0,2.0,83.0,132.0,11.0,0.0,10.0,26.0,54.0,16.0,CA0011200
2020.0,97.0,90.0,2.0,37.0,0.0,2.0,36.0,130.0,32.0,1.0,0.0,1.0,0.0,0.0,0.0,30.0,0.0,0.0,30.0,0.0,0.0,0.0,1.0,18.0,54.0,9.0,0.0,0.0,8.0,26.0,9.0,CA0011300
2020.0,8.0,54.0,1.0,6.0,0.0,1.0,6.0,33.0,3.0,1.0,1.0,0.0,0.0,0.0,0.0,5.0,0.0,0.0,4.0,0.0,0.0,0.0,0.0,1.0,8.0,7.0,0.0,0.0,5.0,7.0,4.0,CA0011400
2020.0,0.0,8.0,0.0,0.0,0.0,0.0,0.0,0.0,0.0,0.0,0.0,0.0,0.0,0.0,0.0,0.0,0.0,0.0,0.0,0.0,0.0,0.0,0.0,0.0,0.0,0.0,0.0,0.0,0.0,0.0,0.0,CA0011600
2020.0,51.0,195.0,0.0,22.0,0.0,6.0,2.0,248.0,27.0,0.0,0.0,3.0,0.0,0.0,0.0,16.0,0.0,0.0,3.0,1.0,0.0,0.0,0.0,46.0,133.0,3.0,0.0,0.0,10.0,14.0,25.0,CA0012100
2020.0,89.0,134.0,2.0,23.0,0.0,1.0,57.0,509.0,33.0,7.0,9.0,1.0,0.0,0.0,0.0,115.0,0.0,0.0,5.0,1.0,0.0,2.0,4.0,15.0,71.0,29.0,0.0,2.0,9.0,33.0,3.0,CA001300X
2020.0,0.0,34.0,0.0,0.0,0.0,0.0,1.0,3.0,3.0,0.0,0.0,0.0,0.0,0.0,0.0,1.0,0.0,0.0,0.0,0.0,0.0,0.0,0.0,0.0,1.0,1.0,0.0,0.0,0.0,2.0,0.0,CA0014100
2020.0,2.0,26.0,0.0,7.0,0.0,6.0,6.0,16.0,4.0,0.0,0.0,0.0,0.0,0.0,0.0,7.0,0.0,0.0,0.0,0.0,0.0,0.0,0.0,3.0,10.0,0.0,0.0,2.0,6.0,7.0,2.0,CA0019700
2020.0,29.0,151.0,0.0,7.0,0.0,0.0,2296.0,145.0,38.0,0.0,5.0,124.0,0.0,0.0,0.0,8.0,1.0,1.0,20.0,2.0,2.0,3.0,0.0,6.0,64.0,15.0,0.0,0.0,16.0,76.0,1.0,CA0019900
2020.0,9.0,7.0,0.0,1.0,0.0,0.0,0.0,2.0,0.0,0.0,0.0,0.0,0.0,0.0,0.0,0.0,0.0,0.0,0.0,0.0,0.0,0.0,0.0,0.0,7.0,0.0,0.0,0.0,0.0,2.0,0.0,CA0020000
2020.0,50.0,120.0,1.0,9.0,0.0,0.0,6.0,119.0,17.0,0.0,2.0,1.0,0.0,0.0,0.0,2.0,0.0,1.0,4.0,1.0,0.0,0.0,1.0,2.0,11.0,3.0,0.0,0.0,3.0,9.0,0.0,CA0030000
2020.0,6.0,48.0,1.0,0.0,0.0,0.0,17.0,27.0,7.0,0.0,0.0,0.0,0.0,0.0,0.0,0.0,0.0,0.0,0.0,0.0,0.0,0.0,0.0,0.0,6.0,0.0,0.0,0.0,0.0,6.0,0.0,CA0030200
2020.0,16.0,104.0,0.0,3.0,0.0,0.0,5.0,23.0,27.0,0.0,0.0,0.0,0.0,0.0,0.0,1.0,1.0,0.0,2.0,0.0,0.0,0.0,1.0,1.0,9.0,0.0,0.0,0.0,4.0,0.0,1.0,CA0030300
2020.0,6.0,10.0,1.0,0.0,0.0,0.0,8.0,29.0,2.0,0.0,0.0,0.0,0.0,0.0,0.0,2.0,1.0,0.0,0.0,0.0,0.0,0.0,0.0,0.0,4.0,0.0,0.0,0.0,1.0,1.0,0.0,CA0030500
2020.0,4.0,18.0,0.0,0.0,0.0,0.0,107.0,4.0,1.0,0.0,0.0,3.0,0.0,0.0,0.0,0.0,0.0,0.0,2.0,0.0,0.0,0.0,0.0,0.0,1.0,1.0,0.0,0.0,1.0,2.0,0.0,CA0039900
2020.0,321.0,411.0,5.0,53.0,0.0,1.0,2.0,698.0,72.0,0.0,12.0,12.0,0.0,0.0,0.0,46.0,0.0,0.0,11.0,6.0,0.0,1.0,4.0,14.0,198.0,38.0,0.0,5.0,27.0,121.0,28.0,CA0040000
2020.0,237.0,600.0,10.0,53.0,0.0,24.0,303.0,576.0,411.0,1.0,3.0,16.0,0.0,0.0,0.0,102.0,39.0,0.0,24.0,5.0,0.0,0.0,3.0,30.0,291.0,33.0,0.0,16.0,71.0,103.0,23.0,CA0040200
2020.0,16.0,105.0,1.0,13.0,0.0,3.0,25.0,187.0,32.0,0.0,2.0,0.0,0.0,0.0,0.0,7.0,4.0,0.0,5.0,0.0,1.0,0.0,1.0,1.0,48.0,3.0,0.0,1.0,6.0,11.0,3.0,CA0040300
2020.0,53.0,448.0,9.0,10.0,0.0,5.0,52.0,304.0,125.0,1.0,3.0,3.0,0.0,0.0,0.0,58.0,9.0,1.0,14.0,1.0,1.0,0.0,4.0,11.0,113.0,12.0,0.0,8.0,43.0,29.0,19.0,CA0040400
2020.0,14.0,262.0,0.0,2.0,0.0,0.0,43.0,216.0,19.0,0.0,3.0,3.0,0.0,0.0,0.0,8.0,1.0,0.0,6.0,0.0,0.0,1.0,0.0,0.0,24.0,7.0,0.0,10.0,2.0,19.0,1.0,CA0040500
2020.0,3.0,12.0,0.0,0.0,0.0,0.0,22.0,33.0,0.0,0.0,1.0,0.0,0.0,0.0,0.0,0.0,0.0,0.0,2.0,0.0,0.0,0.0,0.0,0.0,6.0,0.0,0.0,0.0,0.0,1.0,0.0,CA0040700
2020.0,2.0,17.0,4.0,3.0,0.0,2.0,9.0,15.0,8.0,0.0,0.0,0.0,0.0,0.0,0.0,0.0,4.0,0.0,0.0,0.0,0.0,0.0,0.0,0.0,9.0,0.0,0.0,2.0,1.0,10.0,1.0,CA0049700
2020.0,13.0,91.0,0.0,0.0,0.0,0.0,534.0,35.0,15.0,0.0,0.0,18.0,0.0,0.0,0.0,3.0,1.0,3.0,5.0,0.0,0.0,0.0,0.0,0.0,6.0,5.0,0.0,0.0,4.0,11.0,0.0,CA0049900
2020.0,114.0,283.0,0.0,20.0,4.0,9.0,4.0,147.0,0.0,0.0,4.0,2.0,0.0,0.0,0.0,8.0,5.0,0.0,2.0,1.0,2.0,0.0,2.0,1.0,97.0,8.0,0.0,0.0,15.0,14.0,10.0,CA0050000
2020.0,9.0,9.0,0.0,5.0,0.0,2.0,10.0,23.0,8.0,0.0,0.0,1.0,0.0,0.0,0.0,2.0,0.0,0.0,1.0,0.0,0.0,0.0,0.0,2.0,12.0,2.0,0.0,0.0,3.0,1.0,2.0,CA0050100
2020.0,0.0,6.0,0.0,0.0,0.0,0.0,122.0,8.0,4.0,0.0,0.0,10.0,0.0,0.0,0.0,1.0,0.0,0.0,10.0,0.0,0.0,0.0,0.0,0.0,5.0,3.0,0.0,0.0,2.0,2.0,0.0,CA0059900
2020.0,24.0,234.0,0.0,6.0,0.0,6.0,13.0,70.0,10.0,0.0,1.0,7.0,0.0,0.0,0.0,16.0,2.0,0.0,3.0,0.0,1.0,0.0,0.0,0.0,29.0,5.0,0.0,0.0,9.0,12.0,5.0,CA0060000
2020.0,11.0,23.0,0.0,2.0,0.0,1.0,18.0,112.0,7.0,0.0,2.0,2.0,0.0,0.0,0.0,1.0,0.0,0.0,6.0,0.0,0.0,0.0,0.0,0.0,19.0,0.0,0.0,0.0,3.0,0.0,0.0,CA0060100
2020.0,12.0,20.0,1.0,2.0,0.0,0.0,23.0,20.0,6.0,0.0,0.0,0.0,0.0,0.0,0.0,2.0,0.0,0.0,1.0,0.0,0.0,0.0,0.0,2.0,10.0,3.0,0.0,0.0,2.0,1.0,1.0,CA0060200
2020.0,4.0,9.0,0.0,0.0,0.0,0.0,122.0,7.0,5.0,0.0,0.0,3.0,0.0,0.0,0.0,0.0,0.0,2.0,1.0,0.0,0.0,0.0,0.0,0.0,2.0,0.0,0.0,0.0,0.0,3.0,0.0,CA0069900
2020.0,342.0,696.0,13.0,174.0,0.0,3.0,88.0,280.0,31.0,2.0,12.0,15.0,0.0,0.0,0.0,104.0,1.0,8.0,79.0,36.0,1.0,2.0,12.0,76.0,233.0,200.0,0.0,0.0,59.0,147.0,27.0,CA0070000
2020.0,252.0,333.0,5.0,91.0,0.0,8.0,123.0,299.0,36.0,10.0,2.0,7.0,0.0,0.0,0.0,94.0,0.0,0.0,82.0,32.0,0.0,5.0,14.0,63.0,218.0,205.0,0.0,5.0,43.0,162.0,32.0,CA0070100
2020.0,39.0,112.0,1.0,51.0,0.0,0.0,69.0,161.0,57.0,0.0,3.0,2.0,0.0,0.0,0.0,38.0,3.0,0.0,11.0,1.0,0.0,1.0,3.0,26.0,102.0,28.0,0.0,1.0,15.0,14.0,12.0,CA0070200
2020.0,3.0,3.0,0.0,1.0,0.0,0.0,7.0,12.0,1.0,0.0,0.0,0.0,0.0,0.0,0.0,2.0,0.0,1.0,3.0,0.0,0.0,0.0,0.0,1.0,5.0,2.0,0.0,0.0,1.0,3.0,2.0,CA0070300
2020.0,170.0,314.0,12.0,47.0,0.0,2.0,180.0,398.0,60.0,2.0,5.0,8.0,0.0,0.0,0.0,69.0,1.0,0.0,39.0,2.0,0.0,2.0,2.0,43.0,211.0,54.0,0.0,6.0,33.0,54.0,14.0,CA0070400
2020.0,22.0,42.0,3.0,32.0,0.0,1.0,37.0,30.0,14.0,4.0,2.0,3.0,0.0,0.0,0.0,14.0,0.0,0.0,9.0,0.0,0.0,0.0,0.0,15.0,27.0,5.0,0.0,1.0,11.0,2.0,2.0,CA0070500
2020.0,19.0,34.0,2.0,21.0,0.0,0.0,34.0,64.0,5.0,0.0,1.0,1.0,0.0,0.0,0.0,20.0,0.0,0.0,9.0,0.0,0.0,2.0,0.0,1.0,13.0,11.0,0.0,0.0,1.0,11.0,1.0,CA0070600
2020.0,18.0,70.0,0.0,6.0,0.0,1.0,24.0,46.0,9.0,2.0,2.0,3.0,0.0,0.0,0.0,22.0,0.0,0.0,17.0,0.0,0.0,0.0,0.0,0.0,13.0,12.0,0.0,0.0,4.0,6.0,5.0,CA0070700
2020.0,223.0,168.0,2.0,49.0,0.0,0.0,113.0,210.0,17.0,3.0,2.0,4.0,0.0,0.0,0.0,38.0,0.0,0.0,76.0,9.0,0.0,10.0,9.0,27.0,183.0,3.0,0.0,0.0,30.0,66.0,14.0,CA0070800
2020.0,26.0,131.0,2.0,29.0,0.0,0.0,54.0,257.0,40.0,5.0,5.0,3.0,0.0,0.0,0.0,72.0,1.0,0.0,37.0,0.0,0.0,0.0,1.0,17.0,46.0,70.0,0.0,3.0,7.0,13.0,9.0,CA0070900
2020.0,327.0,342.0,6.0,66.0,0.0,5.0,210.0,75.0,4.0,4.0,4.0,1.0,0.0,0.0,0.0,26.0,0.0,1.0,85.0,6.0,0.0,2.0,3.0,49.0,217.0,18.0,0.0,2.0,44.0,132.0,9.0,CA0071000
2020.0,91.0,221.0,7.0,23.0,0.0,2.0,45.0,139.0,41.0,3.0,8.0,3.0,0.0,0.0,0.0,19.0,1.0,0.0,123.0,6.0,1.0,3.0,0.0,36.0,84.0,13.0,0.0,0.0,21.0,18.0,9.0,CA0071100
2020.0,45.0,104.0,2.0,94.0,0.0,0.0,56.0,125.0,124.0,3.0,5.0,1.0,0.0,0.0,0.0,40.0,0.0,0.0,14.0,0.0,0.0,1.0,0.0,6.0,53.0,30.0,0.0,5.0,13.0,17.0,6.0,CA0071200
2020.0,25.0,125.0,1.0,9.0,0.0,2.0,26.0,232.0,59.0,1.0,2.0,3.0,0.0,0.0,0.0,32.0,0.0,0.0,6.0,0.0,0.0,0.0,0.0,6.0,55.0,33.0,0.0,0.0,11.0,20.0,9.0,CA0071400
2020.0,3.0,15.0,0.0,3.0,0.0,0.0,14.0,8.0,1.0,0.0,0.0,4.0,0.0,0.0,0.0,10.0,0.0,0.0,2.0,0.0,0.0,0.0,0.0,1.0,6.0,5.0,0.0,0.0,0.0,1.0,0.0,CA0071600
2020.0,17.0,63.0,1.0,5.0,0.0,5.0,1.0,83.0,20.0,0.0,1.0,0.0,0.0,0.0,0.0,5.0,0.0,0.0,1.0,0.0,0.0,0.0,0.0,4.0,70.0,6.0,0.0,0.0,7.0,7.0,6.0,CA0071800
2020.0,23.0,113.0,1.0,5.0,0.0,0.0,51.0,94.0,19.0,2.0,3.0,2.0,6.0,0.0,0.0,32.0,0.0,0.0,3.0,0.0,0.0,1.0,2.0,4.0,83.0,25.0,0.0,0.0,5.0,5.0,1.0,CA007240X
2020.0,2.0,10.0,0.0,5.0,0.0,0.0,0.0,3.0,0.0,0.0,0.0,0.0,0.0,0.0,0.0,0.0,0.0,0.0,1.0,0.0,0.0,0.0,0.0,0.0,0.0,2.0,0.0,0.0,0.0,2.0,0.0,CA007260X
2020.0,24.0,126.0,0.0,9.0,0.0,1.0,49.0,29.0,2.0,0.0,0.0,1.0,0.0,0.0,0.0,9.0,1.0,0.0,6.0,1.0,1.0,0.0,1.0,6.0,53.0,14.0,0.0,1.0,11.0,2.0,7.0,CA007340X
2020.0,19.0,90.0,1.0,3.0,0.0,0.0,722.0,32.0,11.0,1.0,0.0,34.0,0.0,0.0,0.0,6.0,0.0,0.0,7.0,1.0,0.0,1.0,0.0,0.0,17.0,9.0,0.0,0.0,6.0,16.0,0.0,CA0079900
2020.0,58.0,63.0,3.0,6.0,0.0,2.0,10.0,55.0,89.0,0.0,0.0,1.0,0.0,0.0,0.0,23.0,0.0,0.0,1.0,2.0,3.0,0.0,3.0,4.0,48.0,5.0,0.0,4.0,5.0,9.0,3.0,CA0080000
2020.0,48.0,124.0,2.0,20.0,0.0,3.0,20.0,106.0,15.0,0.0,2.0,2.0,0.0,0.0,0.0,10.0,3.0,0.0,3.0,0.0,1.0,0.0,0.0,8.0,64.0,0.0,0.0,8.0,11.0,8.0,7.0,CA0080100
2020.0,4.0,97.0,0.0,0.0,0.0,0.0,292.0,25.0,10.0,0.0,0.0,2.0,0.0,0.0,0.0,0.0,0.0,0.0,7.0,0.0,0.0,0.0,0.0,0.0,3.0,3.0,0.0,0.0,1.0,8.0,1.0,CA008980X
2020.0,315.0,662.0,3.0,73.0,0.0,6.0,100.0,744.0,58.0,1.0,11.0,19.0,0.0,0.0,0.0,72.0,12.0,1.0,26.0,3.0,1.0,0.0,6.0,22.0,290.0,31.0,0.0,5.0,47.0,77.0,28.0,CA0090000
2020.0,44.0,163.0,1.0,13.0,0.0,0.0,70.0,148.0,62.0,1.0,4.0,3.0,0.0,0.0,0.0,7.0,0.0,0.0,9.0,0.0,1.0,0.0,0.0,5.0,30.0,7.0,0.0,0.0,8.0,6.0,3.0,CA0090100
2020.0,120.0,132.0,0.0,36.0,0.0,10.0,144.0,64.0,154.0,1.0,0.0,2.0,0.0,0.0,0.0,17.0,5.0,0.0,15.0,1.0,1.0,0.0,2.0,17.0,118.0,10.0,0.0,2.0,21.0,18.0,3.0,CA0090200
2020.0,4.0,8.0,0.0,0.0,0.0,0.0,456.0,15.0,13.0,0.0,2.0,10.0,0.0,0.0,0.0,2.0,0.0,3.0,2.0,0.0,0.0,0.0,1.0,0.0,4.0,4.0,0.0,0.0,6.0,6.0,0.0,CA0099900
2020.0,537.0,1099.0,0.0,146.0,0.0,4.0,15.0,629.0,65.0,2.0,8.0,21.0,0.0,0.0,0.0,77.0,17.0,0.0,103.0,2.0,0.0,0.0,14.0,46.0,428.0,58.0,0.0,2.0,49.0,181.0,63.0,CA0100000
2020.0,202.0,523.0,2.0,201.0,7.0,10.0,204.0,710.0,163.0,3.0,2.0,13.0,0.0,0.0,0.0,271.0,14.0,0.0,50.0,1.0,4.0,12.0,10.0,31.0,261.0,42.0,0.0,1.0,28.0,95.0,17.0,CA0100100
2020.0,34.0,132.0,1.0,7.0,0.0,1.0,37.0,111.0,8.0,0.0,4.0,1.0,0.0,0.0,0.0,1.0,0.0,0.0,6.0,0.0,0.0,0.0,0.0,2.0,44.0,1.0,0.0,1.0,2.0,25.0,2.0,CA0100200
2020.0,21.0,81.0,1.0,3.0,0.0,0.0,28.0,35.0,0.0,0.0,0.0,0.0,0.0,0.0,0.0,0.0,3.0,0.0,7.0,0.0,0.0,0.0,0.0,1.0,16.0,4.0,0.0,1.0,2.0,11.0,2.0,CA0100300
2020.0,8.0,108.0,0.0,7.0,0.0,0.0,31.0,67.0,9.0,0.0,0.0,0.0,0.0,0.0,0.0,2.0,1.0,0.0,4.0,0.0,0.0,0.0,0.0,2.0,16.0,4.0,0.0,0.0,0.0,8.0,2.0,CA0100400
2020.0,1883.0,3902.0,46.0,449.0,0.0,80.0,1602.0,809.0,308.0,9.0,12.0,22.0,1.0,0.0,0.0,633.0,9.0,4.0,135.0,16.0,4.0,89.0,44.0,310.0,1404.0,285.0,0.0,17.0,391.0,664.0,164.0,CA0100500
2020.0,53.0,99.0,1.0,1.0,0.0,1.0,178.0,40.0,27.0,0.0,0.0,1.0,0.0,0.0,0.0,6.0,0.0,0.0,12.0,0.0,1.0,0.0,0.0,2.0,62.0,2.0,0.0,0.0,9.0,13.0,5.0,CA0100600
2020.0,44.0,82.0,0.0,6.0,0.0,2.0,63.0,66.0,11.0,0.0,2.0,0.0,0.0,0.0,0.0,81.0,1.0,0.0,9.0,0.0,0.0,0.0,1.0,5.0,37.0,3.0,0.0,0.0,3.0,14.0,1.0,CA0100700
2020.0,22.0,51.0,0.0,1.0,0.0,1.0,6.0,22.0,0.0,0.0,0.0,3.0,0.0,0.0,0.0,2.0,0.0,0.0,1.0,0.0,0.0,0.0,1.0,2.0,13.0,2.0,0.0,0.0,6.0,7.0,3.0,CA0100800
2020.0,50.0,174.0,1.0,5.0,0.0,1.0,81.0,97.0,12.0,0.0,0.0,2.0,3.0,0.0,0.0,1.0,0.0,0.0,1.0,0.0,1.0,0.0,1.0,4.0,42.0,2.0,0.0,0.0,9.0,17.0,3.0,CA0100900
2020.0,34.0,48.0,1.0,6.0,0.0,0.0,21.0,44.0,10.0,0.0,0.0,0.0,0.0,0.0,0.0,0.0,0.0,0.0,0.0,0.0,0.0,0.0,1.0,1.0,22.0,0.0,0.0,0.0,4.0,7.0,4.0,CA0101000
2020.0,53.0,90.0,1.0,6.0,0.0,5.0,35.0,78.0,10.0,0.0,2.0,3.0,0.0,0.0,0.0,5.0,3.0,0.0,2.0,0.0,0.0,0.0,0.0,1.0,57.0,6.0,0.0,0.0,4.0,18.0,2.0,CA0101100
2020.0,73.0,413.0,0.0,8.0,0.0,1.0,123.0,235.0,14.0,0.0,4.0,7.0,0.0,0.0,0.0,9.0,1.0,0.0,4.0,0.0,0.0,0.0,1.0,5.0,94.0,9.0,0.0,1.0,9.0,25.0,7.0,CA0101200
2020.0,103.0,300.0,1.0,37.0,0.0,2.0,110.0,255.0,22.0,0.0,2.0,2.0,0.0,0.0,0.0,13.0,3.0,1.0,4.0,1.0,0.0,0.0,4.0,3.0,94.0,6.0,0.0,3.0,17.0,27.0,7.0,CA0101300
2020.0,89.0,335.0,3.0,19.0,0.0,0.0,100.0,230.0,100.0,1.0,2.0,3.0,0.0,0.0,0.0,62.0,0.0,0.0,4.0,0.0,0.0,0.0,4.0,7.0,80.0,16.0,0.0,5.0,20.0,48.0,5.0,CA0101500
2020.0,2.0,37.0,0.0,2.0,0.0,2.0,2.0,11.0,1.0,0.0,0.0,0.0,0.0,0.0,0.0,2.0,1.0,0.0,0.0,0.0,0.0,0.0,0.0,0.0,3.0,0.0,0.0,0.0,0.0,0.0,0.0,CA0101700
2020.0,4.0,19.0,0.0,1.0,0.0,5.0,3.0,11.0,7.0,0.0,0.0,0.0,0.0,0.0,0.0,0.0,1.0,0.0,2.0,0.0,0.0,0.0,0.0,0.0,4.0,0.0,0.0,0.0,4.0,4.0,2.0,CA0109700
2020.0,3.0,114.0,0.0,0.0,0.0,0.0,1682.0,13.0,5.0,0.0,0.0,20.0,0.0,0.0,0.0,0.0,0.0,1.0,1.0,1.0,0.0,0.0,0.0,1.0,4.0,0.0,0.0,0.0,6.0,2.0,0.0,CA0109900
2020.0,3.0,0.0,0.0,0.0,0.0,0.0,0.0,0.0,0.0,0.0,0.0,0.0,0.0,0.0,0.0,0.0,0.0,0.0,0.0,0.0,0.0,0.0,0.0,0.0,0.0,0.0,0.0,0.0,0.0,1.0,4.0,CA010M15M
2020.0,48.0,303.0,0.0,12.0,0.0,4.0,29.0,148.0,43.0,0.0,0.0,5.0,0.0,0.0,0.0,19.0,0.0,0.0,5.0,0.0,2.0,0.0,3.0,3.0,43.0,5.0,0.0,0.0,10.0,14.0,14.0,CA0110000
2020.0,12.0,131.0,0.0,4.0,5.0,3.0,16.0,53.0,0.0,0.0,1.0,0.0,0.0,0.0,0.0,2.0,0.0,0.0,1.0,0.0,0.0,0.0,0.0,2.0,33.0,0.0,0.0,1.0,2.0,1.0,3.0,CA0110100
2020.0,1.0,6.0,0.0,0.0,0.0,0.0,88.0,3.0,2.0,0.0,0.0,3.0,0.0,0.0,0.0,0.0,0.0,0.0,2.0,0.0,0.0,0.0,0.0,0.0,5.0,1.0,0.0,0.0,0.0,1.0,0.0,CA0119900
2020.0,141.0,196.0,3.0,27.0,0.0,1.0,7.0,379.0,98.0,1.0,8.0,2.0,0.0,0.0,0.0,14.0,0.0,0.0,9.0,4.0,1.0,0.0,0.0,6.0,149.0,20.0,0.0,0.0,13.0,37.0,4.0,CA0120000
2020.0,54.0,257.0,3.0,13.0,0.0,0.0,63.0,101.0,27.0,1.0,0.0,2.0,0.0,0.0,0.0,18.0,2.0,0.0,16.0,2.0,0.0,0.0,1.0,14.0,40.0,14.0,0.0,1.0,8.0,12.0,4.0,CA0120100
2020.0,139.0,448.0,13.0,87.0,0.0,7.0,132.0,1387.0,0.0,3.0,1.0,7.0,0.0,0.0,0.0,52.0,0.0,0.0,18.0,2.0,1.0,0.0,1.0,26.0,145.0,42.0,0.0,8.0,39.0,82.0,24.0,CA0120300
2020.0,3.0,8.0,0.0,1.0,0.0,0.0,10.0,11.0,7.0,0.0,0.0,0.0,0.0,0.0,0.0,0.0,0.0,0.0,2.0,0.0,0.0,0.0,0.0,0.0,5.0,0.0,0.0,0.0,0.0,0.0,0.0,CA0120400
2020.0,49.0,175.0,3.0,24.0,0.0,4.0,54.0,139.0,39.0,0.0,0.0,1.0,0.0,0.0,0.0,12.0,2.0,0.0,2.0,1.0,0.0,0.0,1.0,2.0,50.0,16.0,0.0,2.0,10.0,8.0,2.0,CA0120500
2020.0,15.0,23.0,0.0,5.0,0.0,2.0,24.0,57.0,34.0,0.0,0.0,0.0,0.0,0.0,0.0,3.0,0.0,0.0,1.0,0.0,0.0,0.0,0.0,1.0,18.0,3.0,0.0,0.0,6.0,4.0,1.0,CA0120700
2020.0,0.0,31.0,0.0,2.0,0.0,0.0,7.0,7.0,0.0,0.0,0.0,0.0,0.0,0.0,0.0,1.0,0.0,0.0,1.0,0.0,0.0,0.0,0.0,0.0,1.0,1.0,0.0,0.0,2.0,6.0,2.0,CA0121100
2020.0,16.0,133.0,0.0,0.0,0.0,0.0,427.0,75.0,13.0,0.0,2.0,25.0,0.0,0.0,0.0,0.0,0.0,0.0,8.0,0.0,0.0,0.0,0.0,0.0,13.0,6.0,0.0,0.0,5.0,20.0,1.0,CA0129900
2020.0,109.0,197.0,5.0,33.0,0.0,5.0,29.0,133.0,6.0,0.0,0.0,10.0,0.0,0.0,0.0,14.0,0.0,1.0,11.0,7.0,6.0,0.0,4.0,5.0,82.0,21.0,0.0,4.0,17.0,26.0,10.0,CA0130000
2020.0,40.0,154.0,0.0,23.0,0.0,3.0,19.0,101.0,1.0,0.0,0.0,4.0,0.0,0.0,0.0,11.0,10.0,0.0,2.0,1.0,3.0,0.0,1.0,5.0,100.0,18.0,0.0,7.0,24.0,13.0,4.0,CA0130100
2020.0,51.0,86.0,3.0,13.0,0.0,0.0,10.0,19.0,0.0,1.0,4.0,2.0,0.0,0.0,0.0,3.0,1.0,0.0,4.0,0.0,4.0,0.0,0.0,11.0,32.0,3.0,0.0,3.0,7.0,10.0,2.0,CA0130200
2020.0,96.0,173.0,2.0,32.0,0.0,1.0,39.0,142.0,1.0,0.0,2.0,3.0,1.0,0.0,0.0,18.0,0.0,0.0,10.0,1.0,0.0,0.0,2.0,23.0,125.0,30.0,0.0,1.0,19.0,18.0,5.0,CA0130400
2020.0,17.0,76.0,0.0,6.0,0.0,1.0,20.0,31.0,4.0,0.0,0.0,1.0,0.0,0.0,0.0,4.0,0.0,0.0,2.0,0.0,0.0,0.0,0.0,1.0,23.0,5.0,0.0,2.0,3.0,4.0,1.0,CA0130600
2020.0,14.0,15.0,0.0,5.0,0.0,0.0,1.0,3.0,0.0,0.0,0.0,0.0,0.0,0.0,0.0,6.0,0.0,0.0,1.0,0.0,0.0,0.0,0.0,1.0,14.0,1.0,0.0,0.0,3.0,3.0,1.0,CA0130700
2020.0,4.0,25.0,0.0,1.0,0.0,2.0,234.0,31.0,0.0,0.0,0.0,8.0,0.0,0.0,0.0,2.0,2.0,3.0,1.0,1.0,1.0,0.0,0.0,0.0,7.0,4.0,0.0,0.0,1.0,5.0,0.0,CA0139900
2020.0,67.0,164.0,1.0,7.0,0.0,0.0,1.0,31.0,27.0,1.0,0.0,0.0,0.0,0.0,0.0,2.0,0.0,0.0,0.0,1.0,0.0,0.0,0.0,1.0,48.0,4.0,0.0,0.0,8.0,8.0,2.0,CA0140000
2020.0,13.0,61.0,0.0,11.0,0.0,3.0,14.0,39.0,29.0,0.0,1.0,4.0,0.0,0.0,0.0,6.0,1.0,0.0,1.0,0.0,0.0,0.0,0.0,4.0,9.0,3.0,0.0,9.0,9.0,3.0,0.0,CA0140100
2020.0,4.0,16.0,0.0,1.0,0.0,0.0,89.0,4.0,2.0,0.0,0.0,2.0,0.0,0.0,0.0,0.0,0.0,3.0,2.0,0.0,0.0,0.0,0.0,1.0,2.0,0.0,0.0,0.0,0.0,0.0,0.0,CA0149900
2020.0,1145.0,1692.0,6.0,241.0,0.0,11.0,92.0,1369.0,250.0,2.0,46.0,32.0,26.0,0.0,0.0,96.0,8.0,6.0,64.0,32.0,7.0,0.0,19.0,104.0,1004.0,449.0,0.0,4.0,192.0,253.0,83.0,CA0150000
2020.0,80.0,119.0,0.0,6.0,2.0,4.0,36.0,27.0,14.0,0.0,1.0,2.0,0.0,0.0,0.0,3.0,1.0,0.0,4.0,0.0,0.0,0.0,0.0,6.0,56.0,14.0,0.0,0.0,15.0,20.0,2.0,CA0150100
2020.0,870.0,1203.0,10.0,521.0,0.0,28.0,743.0,1949.0,460.0,11.0,13.0,50.0,10.0,0.0,0.0,168.0,8.0,4.0,116.0,50.0,5.0,24.0,21.0,218.0,1192.0,581.0,0.0,15.0,295.0,495.0,66.0,CA0150200
2020.0,45.0,685.0,7.0,23.0,0.0,1.0,28.0,178.0,18.0,0.0,2.0,4.0,0.0,0.0,0.0,6.0,2.0,0.0,10.0,2.0,1.0,0.0,3.0,7.0,73.0,8.0,0.0,2.0,10.0,15.0,9.0,CA0150300
2020.0,39.0,72.0,0.0,14.0,0.0,1.0,46.0,93.0,5.0,0.0,1.0,0.0,0.0,0.0,0.0,3.0,0.0,0.0,3.0,0.0,2.0,0.0,0.0,0.0,42.0,7.0,0.0,0.0,12.0,13.0,0.0,CA0150500
2020.0,164.0,975.0,4.0,55.0,0.0,15.0,108.0,389.0,30.0,2.0,3.0,4.0,0.0,0.0,0.0,25.0,6.0,0.0,17.0,1.0,0.0,0.0,0.0,9.0,135.0,7.0,0.0,4.0,23.0,34.0,22.0,CA0150600
2020.0,53.0,592.0,2.0,22.0,0.0,0.0,105.0,247.0,61.0,0.0,2.0,3.0,0.0,0.0,0.0,18.0,0.0,1.0,4.0,0.0,0.0,0.0,1.0,7.0,70.0,17.0,0.0,1.0,4.0,19.0,0.0,CA0150700
2020.0,18.0,278.0,1.0,9.0,0.0,3.0,78.0,132.0,46.0,0.0,0.0,0.0,0.0,0.0,0.0,9.0,0.0,0.0,5.0,0.0,0.0,0.0,2.0,3.0,34.0,14.0,0.0,0.0,10.0,16.0,5.0,CA0150800
2020.0,63.0,153.0,0.0,37.0,0.0,0.0,17.0,90.0,30.0,0.0,2.0,3.0,0.0,0.0,0.0,18.0,0.0,0.0,4.0,0.0,1.0,0.0,1.0,9.0,39.0,13.0,0.0,0.0,6.0,22.0,4.0,CA0150900
2020.0,61.0,154.0,3.0,20.0,0.0,0.0,8.0,75.0,4.0,0.0,1.0,1.0,0.0,0.0,0.0,3.0,0.0,0.0,8.0,0.0,0.0,0.0,2.0,5.0,19.0,2.0,0.0,1.0,6.0,30.0,4.0,CA0151100
2020.0,4.0,5.0,0.0,0.0,0.0,0.0,17.0,22.0,1.0,0.0,2.0,1.0,0.0,0.0,0.0,0.0,0.0,0.0,1.0,0.0,0.0,0.0,1.0,4.0,5.0,2.0,0.0,0.0,1.0,10.0,1.0,CA0151400
2020.0,15.0,28.0,0.0,0.0,0.0,6.0,0.0,9.0,0.0,0.0,0.0,0.0,0.0,0.0,0.0,6.0,2.0,0.0,0.0,0.0,0.0,0.0,0.0,6.0,39.0,1.0,0.0,1.0,9.0,21.0,0.0,CA0152100
2020.0,0.0,2.0,0.0,2.0,0.0,0.0,0.0,0.0,0.0,0.0,0.0,0.0,0.0,0.0,0.0,0.0,0.0,0.0,0.0,0.0,0.0,0.0,0.0,0.0,0.0,2.0,0.0,0.0,0.0,0.0,0.0,CA0152200
2020.0,15.0,214.0,0.0,1.0,0.0,0.0,1788.0,75.0,27.0,0.0,0.0,75.0,0.0,0.0,0.0,2.0,0.0,11.0,9.0,0.0,0.0,0.0,0.0,0.0,29.0,25.0,0.0,0.0,5.0,29.0,2.0,CA0159900
2020.0,97.0,846.0,3.0,35.0,0.0,0.0,77.0,623.0,95.0,1.0,1.0,10.0,3.0,0.0,0.0,15.0,3.0,1.0,13.0,1.0,0.0,0.0,6.0,18.0,44.0,22.0,0.0,0.0,15.0,44.0,10.0,CA0160000
2020.0,71.0,198.0,1.0,15.0,4.0,2.0,58.0,78.0,27.0,0.0,1.0,3.0,0.0,0.0,0.0,3.0,0.0,0.0,9.0,2.0,0.0,0.0,4.0,2.0,18.0,13.0,0.0,0.0,9.0,24.0,4.0,CA0160100
2020.0,157.0,755.0,0.0,52.0,0.0,4.0,113.0,525.0,162.0,2.0,4.0,13.0,0.0,0.0,0.0,73.0,0.0,0.0,26.0,4.0,0.0,0.0,3.0,22.0,148.0,34.0,0.0,0.0,46.0,39.0,18.0,CA0160200
2020.0,90.0,287.0,0.0,10.0,0.0,6.0,76.0,306.0,34.0,1.0,2.0,11.0,0.0,0.0,0.0,8.0,5.0,1.0,8.0,1.0,0.0,0.0,3.0,7.0,49.0,13.0,0.0,2.0,3.0,24.0,15.0,CA0160300
2020.0,0.0,0.0,0.0,0.0,0.0,0.0,0.0,0.0,0.0,0.0,0.0,0.0,0.0,0.0,0.0,0.0,0.0,0.0,0.0,0.0,0.0,0.0,2.0,0.0,0.0,0.0,0.0,0.0,0.0,0.0,0.0,CA016060X
2020.0,68.0,104.0,0.0,12.0,0.0,4.0,38.0,93.0,18.0,0.0,0.0,0.0,0.0,0.0,0.0,3.0,0.0,0.0,2.0,1.0,0.0,0.0,2.0,3.0,28.0,5.0,0.0,0.0,3.0,17.0,8.0,CA016070X
2020.0,0.0,8.0,0.0,1.0,0.0,0.0,311.0,19.0,2.0,0.0,0.0,12.0,0.0,0.0,0.0,0.0,0.0,3.0,9.0,0.0,1.0,0.0,0.0,0.0,2.0,1.0,0.0,0.0,1.0,7.0,0.0,CA0169900
2020.0,135.0,256.0,4.0,27.0,0.0,3.0,1.0,264.0,56.0,0.0,1.0,4.0,0.0,0.0,0.0,4.0,2.0,0.0,2.0,0.0,0.0,0.0,1.0,4.0,71.0,7.0,0.0,1.0,12.0,22.0,9.0,CA0170000
2020.0,31.0,43.0,0.0,5.0,0.0,6.0,22.0,28.0,31.0,0.0,0.0,0.0,0.0,0.0,0.0,0.0,4.0,0.0,4.0,1.0,1.0,0.0,0.0,1.0,12.0,5.0,0.0,1.0,1.0,3.0,0.0,CA0170100
2020.0,121.0,426.0,6.0,49.0,0.0,5.0,49.0,463.0,18.0,0.0,1.0,1.0,0.0,0.0,0.0,21.0,1.0,0.0,33.0,0.0,0.0,0.0,1.0,13.0,113.0,31.0,0.0,8.0,8.0,58.0,7.0,CA0170200
2020.0,7.0,11.0,0.0,0.0,0.0,0.0,205.0,3.0,7.0,0.0,0.0,15.0,0.0,0.0,0.0,0.0,0.0,0.0,0.0,0.0,0.0,0.0,0.0,0.0,0.0,2.0,0.0,0.0,0.0,0.0,0.0,CA0179900
2020.0,43.0,74.0,1.0,13.0,0.0,1.0,2.0,61.0,11.0,0.0,2.0,6.0,0.0,0.0,0.0,5.0,0.0,0.0,6.0,0.0,0.0,0.0,1.0,2.0,29.0,2.0,0.0,0.0,5.0,13.0,2.0,CA0180000
2020.0,40.0,70.0,1.0,26.0,0.0,8.0,14.0,72.0,9.0,0.0,0.0,2.0,0.0,0.0,0.0,16.0,1.0,0.0,2.0,2.0,0.0,0.0,0.0,0.0,26.0,6.0,0.0,1.0,4.0,5.0,2.0,CA0180100
2020.0,0.0,34.0,0.0,0.0,0.0,0.0,141.0,9.0,4.0,0.0,0.0,3.0,0.0,0.0,0.0,0.0,0.0,0.0,2.0,0.0,0.0,0.0,0.0,0.0,3.0,3.0,0.0,0.0,4.0,6.0,0.0,CA0189900
2020.0,2374.0,10972.0,38.0,533.0,0.0,60.0,1248.0,8137.0,199.0,18.0,97.0,114.0,26.0,0.0,0.0,734.0,34.0,5.0,998.0,89.0,7.0,9.0,53.0,395.0,1261.0,217.0,0.0,70.0,463.0,1497.0,300.0,CA0190000
2020.0,114.0,171.0,2.0,53.0,0.0,2.0,71.0,263.0,35.0,3.0,3.0,1.0,0.0,0.0,0.0,62.0,0.0,0.0,21.0,1.0,0.0,0.0,3.0,11.0,94.0,2.0,0.0,1.0,30.0,27.0,8.0,CA0190100
2020.0,43.0,91.0,1.0,40.0,0.0,0.0,35.0,63.0,42.0,0.0,4.0,12.0,0.0,0.0,0.0,37.0,0.0,0.0,25.0,1.0,0.0,0.0,3.0,4.0,49.0,5.0,0.0,1.0,8.0,9.0,4.0,CA0190200
2020.0,32.0,197.0,0.0,12.0,0.0,0.0,11.0,142.0,7.0,1.0,3.0,1.0,0.0,0.0,0.0,16.0,0.0,0.0,2.0,3.0,0.0,0.0,0.0,8.0,20.0,0.0,0.0,0.0,20.0,26.0,4.0,CA0190300
2020.0,11.0,24.0,0.0,2.0,0.0,1.0,10.0,18.0,26.0,0.0,1.0,1.0,0.0,0.0,0.0,11.0,2.0,0.0,5.0,0.0,0.0,0.0,0.0,0.0,41.0,0.0,0.0,0.0,4.0,1.0,1.0,CA0190400
2020.0,103.0,131.0,1.0,33.0,0.0,1.0,81.0,205.0,130.0,0.0,6.0,6.0,0.0,0.0,0.0,23.0,0.0,0.0,20.0,2.0,0.0,0.0,4.0,20.0,63.0,15.0,0.0,0.0,35.0,35.0,6.0,CA0190500
2020.0,99.0,184.0,1.0,49.0,0.0,0.0,65.0,135.0,43.0,0.0,3.0,2.0,1.0,0.0,0.0,8.0,1.0,0.0,27.0,1.0,1.0,0.0,1.0,22.0,72.0,4.0,0.0,0.0,23.0,21.0,9.0,CA0190600
2020.0,76.0,227.0,1.0,28.0,0.0,1.0,89.0,115.0,34.0,0.0,5.0,4.0,0.0,0.0,0.0,19.0,0.0,0.0,18.0,2.0,0.0,0.0,1.0,16.0,76.0,5.0,0.0,0.0,22.0,31.0,8.0,CA0190700
2020.0,190.0,721.0,1.0,43.0,0.0,1.0,56.0,436.0,10.0,1.0,7.0,7.0,28.0,0.0,0.0,55.0,0.0,0.0,81.0,2.0,0.0,0.0,4.0,42.0,110.0,11.0,0.0,0.0,36.0,90.0,10.0,CA0190800
2020.0,64.0,290.0,2.0,28.0,0.0,0.0,56.0,241.0,8.0,1.0,0.0,2.0,0.0,0.0,0.0,8.0,0.0,0.0,55.0,0.0,1.0,0.0,2.0,14.0,102.0,6.0,0.0,0.0,42.0,64.0,6.0,CA0190900
2020.0,4.0,15.0,0.0,2.0,0.0,0.0,2.0,7.0,0.0,0.0,0.0,0.0,0.0,0.0,0.0,1.0,0.0,0.0,0.0,0.0,0.0,0.0,0.0,0.0,3.0,0.0,0.0,0.0,0.0,0.0,0.0,CA0190D0X
2020.0,0.0,30.0,0.0,9.0,0.0,0.0,0.0,0.0,0.0,0.0,0.0,0.0,0.0,0.0,0.0,0.0,0.0,0.0,0.0,0.0,0.0,0.0,0.0,0.0,0.0,5.0,0.0,0.0,0.0,0.0,0.0,CA0190I00
2020.0,49.0,564.0,2.0,5.0,0.0,0.0,4.0,105.0,0.0,0.0,0.0,2.0,0.0,0.0,0.0,8.0,2.0,0.0,7.0,0.0,1.0,1.0,2.0,31.0,62.0,3.0,0.0,0.0,28.0,20.0,6.0,CA0190K00
2020.0,5.0,41.0,0.0,7.0,0.0,0.0,37.0,25.0,4.0,0.0,1.0,1.0,0.0,0.0,0.0,14.0,0.0,1.0,3.0,1.0,0.0,0.0,1.0,1.0,6.0,0.0,0.0,0.0,0.0,7.0,0.0,CA0190X0X
2020.0,80.0,169.0,5.0,120.0,1.0,55.0,83.0,252.0,53.0,2.0,13.0,14.0,0.0,0.0,0.0,242.0,0.0,0.0,94.0,0.0,1.0,0.0,1.0,39.0,99.0,22.0,0.0,14.0,23.0,51.0,14.0,CA0191000
2020.0,153.0,309.0,3.0,91.0,2.0,2.0,182.0,987.0,0.0,1.0,125.0,39.0,0.0,0.0,0.0,284.0,7.0,0.0,35.0,0.0,1.0,9.0,3.0,44.0,148.0,46.0,0.0,3.0,66.0,36.0,13.0,CA0191200
2020.0,42.0,94.0,6.0,23.0,0.0,3.0,101.0,196.0,73.0,0.0,1.0,3.0,0.0,0.0,0.0,50.0,0.0,1.0,52.0,1.0,0.0,9.0,1.0,12.0,73.0,22.0,0.0,6.0,15.0,14.0,6.0,CA0191300
2020.0,50.0,375.0,1.0,20.0,0.0,1.0,20.0,163.0,2.0,2.0,1.0,1.0,0.0,0.0,0.0,29.0,0.0,0.0,41.0,1.0,0.0,1.0,3.0,15.0,35.0,9.0,0.0,0.0,16.0,20.0,2.0,CA0191400
2020.0,302.0,864.0,1.0,69.0,0.0,7.0,36.0,592.0,0.0,0.0,3.0,3.0,0.0,0.0,0.0,31.0,1.0,0.0,136.0,7.0,0.0,14.0,8.0,79.0,104.0,13.0,0.0,0.0,38.0,236.0,14.0,CA0191500
2020.0,68.0,281.0,3.0,93.0,0.0,0.0,88.0,975.0,19.0,0.0,6.0,32.0,0.0,0.0,0.0,56.0,0.0,0.0,39.0,5.0,2.0,1.0,0.0,21.0,122.0,20.0,0.0,1.0,42.0,68.0,10.0,CA0191600
2020.0,43.0,254.0,1.0,3.0,0.0,0.0,5.0,85.0,4.0,0.0,2.0,0.0,0.0,0.0,0.0,2.0,0.0,0.0,15.0,0.0,0.0,0.0,2.0,8.0,27.0,0.0,0.0,0.0,9.0,18.0,4.0,CA0191700
2020.0,66.0,82.0,5.0,112.0,2.0,5.0,60.0,256.0,20.0,2.0,16.0,5.0,0.0,0.0,0.0,233.0,0.0,0.0,37.0,1.0,0.0,0.0,1.0,53.0,64.0,6.0,0.0,0.0,12.0,64.0,9.0,CA0191800
2020.0,30.0,420.0,0.0,60.0,0.0,0.0,24.0,187.0,2.0,3.0,9.0,9.0,0.0,0.0,0.0,95.0,0.0,0.0,7.0,0.0,0.0,1.0,0.0,12.0,30.0,22.0,0.0,1.0,7.0,12.0,8.0,CA0191900
2020.0,21.0,115.0,0.0,12.0,0.0,0.0,39.0,104.0,13.0,0.0,6.0,5.0,0.0,0.0,0.0,23.0,2.0,0.0,4.0,1.0,0.0,0.0,0.0,2.0,18.0,1.0,0.0,0.0,1.0,12.0,1.0,CA0191F00
2020.0,109.0,841.0,3.0,109.0,0.0,9.0,48.0,382.0,63.0,7.0,21.0,9.0,0.0,0.0,0.0,56.0,0.0,0.0,51.0,0.0,0.0,0.0,3.0,29.0,88.0,15.0,0.0,0.0,44.0,49.0,14.0,CA0191H0X
2020.0,4.0,5.0,2.0,2.0,0.0,0.0,3.0,10.0,1.0,0.0,0.0,0.0,0.0,0.0,0.0,0.0,0.0,0.0,2.0,0.0,0.0,0.0,0.0,0.0,8.0,0.0,0.0,0.0,2.0,3.0,1.0,CA0191N00
2020.0,270.0,1298.0,5.0,74.0,0.0,12.0,298.0,1211.0,66.0,8.0,20.0,21.0,0.0,0.0,0.0,136.0,4.0,0.0,73.0,3.0,0.0,1.0,10.0,40.0,189.0,14.0,0.0,1.0,45.0,120.0,10.0,CA0191R0X
2020.0,52.0,140.0,0.0,19.0,0.0,0.0,29.0,51.0,4.0,0.0,1.0,1.0,0.0,0.0,0.0,16.0,0.0,0.0,2.0,0.0,1.0,0.0,2.0,5.0,17.0,5.0,0.0,3.0,10.0,5.0,6.0,CA0191W0X
2020.0,190.0,256.0,5.0,61.0,16.0,6.0,194.0,242.0,64.0,1.0,3.0,10.0,1.0,0.0,0.0,180.0,6.0,0.0,176.0,5.0,1.0,0.0,2.0,35.0,129.0,12.0,0.0,0.0,55.0,29.0,27.0,CA0192000
2020.0,20.0,430.0,0.0,7.0,0.0,1.0,3.0,171.0,1.0,0.0,3.0,8.0,0.0,0.0,0.0,22.0,0.0,0.0,0.0,0.0,0.0,0.0,1.0,3.0,18.0,0.0,0.0,0.0,10.0,5.0,3.0,CA0192100
2020.0,270.0,273.0,3.0,80.0,0.0,4.0,130.0,333.0,85.0,1.0,3.0,10.0,1.0,0.0,0.0,38.0,0.0,1.0,98.0,13.0,8.0,0.0,13.0,79.0,191.0,25.0,0.0,0.0,43.0,81.0,35.0,CA0192200
2020.0,37.0,86.0,0.0,39.0,0.0,0.0,64.0,92.0,37.0,0.0,2.0,4.0,0.0,0.0,0.0,111.0,0.0,0.0,67.0,0.0,0.0,0.0,3.0,18.0,25.0,13.0,0.0,1.0,9.0,13.0,3.0,CA0192300
2020.0,94.0,197.0,1.0,103.0,8.0,2.0,125.0,245.0,0.0,1.0,4.0,4.0,2.0,0.0,0.0,91.0,0.0,1.0,132.0,7.0,0.0,1.0,2.0,42.0,71.0,4.0,0.0,0.0,28.0,28.0,9.0,CA0192400
2020.0,217.0,710.0,13.0,159.0,0.0,9.0,281.0,1718.0,104.0,2.0,34.0,86.0,1.0,0.0,0.0,659.0,10.0,0.0,89.0,9.0,5.0,8.0,2.0,53.0,378.0,77.0,0.0,9.0,123.0,128.0,47.0,CA0192500
2020.0,67.0,172.0,0.0,60.0,0.0,2.0,86.0,231.0,10.0,1.0,8.0,8.0,0.0,0.0,0.0,112.0,0.0,0.0,21.0,0.0,0.0,0.0,2.0,7.0,73.0,23.0,0.0,1.0,17.0,17.0,4.0,CA0192600
2020.0,34.0,122.0,0.0,4.0,0.0,0.0,6.0,90.0,1.0,0.0,2.0,1.0,14.0,0.0,0.0,5.0,0.0,0.0,7.0,0.0,1.0,0.0,1.0,9.0,16.0,1.0,0.0,0.0,7.0,17.0,2.0,CA0192700
2020.0,227.0,352.0,5.0,50.0,0.0,5.0,208.0,284.0,100.0,0.0,8.0,7.0,1.0,0.0,0.0,107.0,0.0,2.0,85.0,7.0,0.0,2.0,5.0,62.0,254.0,15.0,0.0,0.0,66.0,39.0,17.0,CA0192800
2020.0,18.0,82.0,1.0,13.0,0.0,4.0,42.0,51.0,78.0,1.0,0.0,1.0,0.0,0.0,0.0,20.0,2.0,0.0,3.0,1.0,0.0,0.0,0.0,6.0,22.0,11.0,0.0,2.0,7.0,3.0,1.0,CA0192900
2020.0,24.0,162.0,0.0,12.0,0.0,0.0,56.0,106.0,7.0,0.0,2.0,3.0,0.0,0.0,0.0,27.0,0.0,0.0,6.0,0.0,0.0,0.0,1.0,7.0,23.0,1.0,0.0,0.0,1.0,14.0,1.0,CA0192H0X
2020.0,35.0,351.0,2.0,17.0,0.0,5.0,81.0,170.0,40.0,1.0,1.0,5.0,0.0,0.0,0.0,23.0,3.0,0.0,9.0,1.0,0.0,0.0,3.0,15.0,21.0,6.0,0.0,1.0,4.0,14.0,4.0,CA0192J0X
2020.0,0.0,579.0,0.0,0.0,0.0,0.0,0.0,2.0,0.0,0.0,0.0,0.0,0.0,0.0,0.0,0.0,0.0,0.0,0.0,0.0,0.0,0.0,0.0,0.0,3.0,0.0,0.0,0.0,0.0,0.0,2.0,CA0192U0X
2020.0,176.0,313.0,6.0,58.0,0.0,2.0,103.0,185.0,80.0,0.0,6.0,21.0,0.0,0.0,0.0,69.0,3.0,0.0,64.0,0.0,1.0,2.0,3.0,67.0,94.0,7.0,0.0,3.0,56.0,19.0,19.0,CA0193100
2020.0,23.0,348.0,1.0,42.0,0.0,1.0,42.0,134.0,6.0,1.0,5.0,1.0,0.0,0.0,0.0,54.0,1.0,0.0,16.0,1.0,0.0,0.0,0.0,11.0,17.0,3.0,0.0,10.0,4.0,30.0,2.0,CA0193200
2020.0,166.0,127.0,6.0,44.0,0.0,1.0,137.0,133.0,113.0,6.0,4.0,2.0,0.0,0.0,0.0,71.0,6.0,1.0,55.0,12.0,0.0,7.0,5.0,41.0,134.0,10.0,0.0,0.0,44.0,90.0,25.0,CA0193300
2020.0,11.0,13.0,0.0,4.0,0.0,0.0,11.0,16.0,2.0,0.0,0.0,1.0,0.0,0.0,0.0,1.0,0.0,0.0,5.0,0.0,0.0,0.0,0.0,1.0,4.0,1.0,0.0,0.0,4.0,2.0,0.0,CA0193400
2020.0,133.0,518.0,1.0,88.0,0.0,2.0,59.0,419.0,15.0,2.0,5.0,5.0,0.0,0.0,0.0,88.0,1.0,0.0,36.0,0.0,0.0,0.0,2.0,21.0,69.0,5.0,0.0,1.0,25.0,48.0,10.0,CA0193500
2020.0,63.0,406.0,2.0,26.0,0.0,0.0,37.0,333.0,3.0,1.0,3.0,4.0,0.0,0.0,0.0,33.0,1.0,0.0,10.0,0.0,0.0,0.0,1.0,14.0,32.0,0.0,0.0,1.0,15.0,27.0,4.0,CA0193600
2020.0,68.0,496.0,1.0,20.0,0.0,0.0,17.0,288.0,8.0,0.0,2.0,3.0,0.0,0.0,0.0,13.0,0.0,0.0,18.0,0.0,0.0,0.0,3.0,11.0,38.0,1.0,0.0,0.0,13.0,32.0,8.0,CA0193700
2020.0,19.0,38.0,1.0,33.0,0.0,0.0,17.0,61.0,7.0,0.0,1.0,5.0,1.0,0.0,0.0,21.0,0.0,0.0,16.0,1.0,0.0,0.0,4.0,1.0,24.0,1.0,0.0,0.0,11.0,4.0,3.0,CA0193800
2020.0,59.0,194.0,0.0,17.0,0.0,1.0,10.0,648.0,9.0,2.0,4.0,2.0,0.0,0.0,0.0,23.0,1.0,0.0,16.0,1.0,0.0,0.0,1.0,21.0,30.0,7.0,0.0,1.0,17.0,62.0,2.0,CA0193900
2020.0,34.0,288.0,2.0,18.0,0.0,0.0,10.0,101.0,5.0,3.0,4.0,4.0,0.0,0.0,0.0,18.0,1.0,0.0,30.0,0.0,0.0,0.0,2.0,9.0,18.0,4.0,0.0,0.0,6.0,34.0,2.0,CA0194000
2020.0,1321.0,2527.0,56.0,243.0,0.0,31.0,543.0,1298.0,218.0,2.0,30.0,35.0,7.0,0.0,0.0,328.0,17.0,4.0,269.0,35.0,1.0,5.0,17.0,218.0,1147.0,85.0,0.0,63.0,298.0,407.0,115.0,CA0194100
2020.0,7780.0,6196.0,140.0,1983.0,26.0,157.0,4180.0,3811.0,1.0,29.0,100.0,113.0,90.0,0.0,0.0,1700.0,412.0,3.0,1547.0,112.0,3.0,1958.0,171.0,1679.0,3884.0,179.0,0.0,33.0,1548.0,2342.0,372.0,CA0194200
2020.0,214.0,887.0,2.0,41.0,0.0,1.0,71.0,389.0,1.0,1.0,5.0,5.0,0.0,0.0,0.0,34.0,0.0,0.0,77.0,3.0,0.0,3.0,8.0,42.0,59.0,9.0,0.0,0.0,32.0,88.0,14.0,CA0194300
2020.0,31.0,99.0,0.0,57.0,0.0,0.0,79.0,51.0,72.0,3.0,4.0,6.0,0.0,0.0,0.0,82.0,2.0,0.0,65.0,0.0,0.0,0.0,1.0,16.0,27.0,23.0,0.0,6.0,12.0,9.0,3.0,CA0194400
2020.0,54.0,340.0,0.0,10.0,0.0,0.0,3.0,140.0,0.0,1.0,1.0,0.0,0.0,0.0,0.0,17.0,1.0,0.0,23.0,4.0,0.0,0.0,2.0,7.0,29.0,0.0,0.0,1.0,8.0,28.0,2.0,CA0194500
2020.0,48.0,83.0,1.0,76.0,0.0,0.0,50.0,107.0,33.0,0.0,3.0,2.0,0.0,0.0,0.0,29.0,2.0,0.0,21.0,0.0,0.0,0.0,0.0,5.0,42.0,6.0,0.0,0.0,12.0,7.0,1.0,CA0194600
2020.0,84.0,175.0,4.0,71.0,0.0,0.0,59.0,141.0,19.0,1.0,4.0,5.0,0.0,0.0,0.0,51.0,1.0,0.0,12.0,3.0,0.0,0.0,1.0,17.0,56.0,11.0,0.0,0.0,16.0,22.0,3.0,CA0194800
2020.0,223.0,1031.0,3.0,58.0,0.0,1.0,66.0,772.0,13.0,1.0,7.0,12.0,2.0,0.0,0.0,49.0,4.0,1.0,38.0,2.0,0.0,8.0,8.0,58.0,91.0,17.0,0.0,2.0,41.0,101.0,24.0,CA0194900
2020.0,561.0,2751.0,8.0,96.0,0.0,6.0,322.0,1547.0,27.0,6.0,5.0,15.0,3.0,0.0,0.0,140.0,1.0,0.0,85.0,6.0,1.0,1.0,4.0,74.0,285.0,13.0,0.0,0.0,35.0,281.0,21.0,CA0195000
2020.0,5.0,16.0,0.0,5.0,0.0,0.0,26.0,41.0,4.0,0.0,1.0,0.0,0.0,0.0,0.0,12.0,0.0,0.0,10.0,0.0,0.0,0.0,1.0,4.0,5.0,4.0,0.0,1.0,0.0,6.0,0.0,CA0195100
2020.0,145.0,479.0,5.0,26.0,0.0,0.0,50.0,229.0,7.0,0.0,2.0,3.0,0.0,0.0,0.0,52.0,0.0,0.0,19.0,2.0,0.0,0.0,4.0,40.0,68.0,4.0,0.0,0.0,46.0,68.0,19.0,CA0195200
2020.0,308.0,913.0,12.0,122.0,0.0,23.0,141.0,359.0,244.0,0.0,6.0,14.0,0.0,0.0,0.0,146.0,0.0,0.0,59.0,6.0,0.0,1.0,7.0,27.0,189.0,18.0,0.0,2.0,59.0,45.0,17.0,CA0195300
2020.0,100.0,1211.0,1.0,60.0,0.0,0.0,29.0,462.0,20.0,0.0,2.0,7.0,34.0,0.0,0.0,44.0,1.0,0.0,52.0,1.0,1.0,0.0,4.0,22.0,61.0,10.0,0.0,15.0,18.0,61.0,17.0,CA0195400
2020.0,319.0,957.0,4.0,114.0,0.0,2.0,259.0,239.0,533.0,3.0,2.0,5.0,19.0,0.0,0.0,33.0,2.0,0.0,76.0,8.0,0.0,310.0,15.0,58.0,250.0,33.0,0.0,0.0,82.0,152.0,39.0,CA0195500
2020.0,70.0,183.0,1.0,47.0,0.0,2.0,151.0,180.0,258.0,0.0,5.0,7.0,0.0,0.0,0.0,130.0,0.0,0.0,54.0,1.0,0.0,0.0,2.0,35.0,108.0,18.0,0.0,0.0,20.0,44.0,15.0,CA0195600
2020.0,0.0,6.0,0.0,1.0,0.0,0.0,1.0,0.0,0.0,0.0,0.0,0.0,0.0,0.0,0.0,0.0,0.0,0.0,1.0,0.0,0.0,0.0,0.0,0.0,0.0,0.0,0.0,0.0,0.0,0.0,0.0,CA0195700
2020.0,5.0,30.0,0.0,7.0,0.0,0.0,2.0,5.0,0.0,2.0,1.0,0.0,0.0,0.0,0.0,5.0,0.0,0.0,8.0,0.0,0.0,0.0,0.0,1.0,1.0,0.0,0.0,0.0,0.0,2.0,0.0,CA0195800
2020.0,91.0,1016.0,3.0,29.0,0.0,2.0,18.0,763.0,10.0,2.0,8.0,22.0,20.0,0.0,0.0,67.0,2.0,0.0,108.0,1.0,0.0,1.0,2.0,20.0,49.0,9.0,0.0,2.0,22.0,75.0,43.0,CA0195900
2020.0,49.0,306.0,0.0,40.0,0.0,1.0,26.0,150.0,2.0,1.0,2.0,1.0,0.0,0.0,0.0,40.0,0.0,0.0,11.0,0.0,0.0,0.0,2.0,14.0,38.0,4.0,0.0,1.0,19.0,14.0,5.0,CA0196000
2020.0,47.0,111.0,3.0,26.0,0.0,5.0,86.0,161.0,13.0,0.0,4.0,2.0,0.0,0.0,0.0,7.0,0.0,0.0,21.0,0.0,1.0,0.0,1.0,10.0,72.0,3.0,0.0,0.0,18.0,19.0,6.0,CA0196100
2020.0,46.0,74.0,2.0,26.0,0.0,1.0,70.0,119.0,3.0,0.0,7.0,2.0,0.0,0.0,0.0,28.0,0.0,0.0,17.0,0.0,0.0,1.0,2.0,4.0,54.0,7.0,0.0,0.0,10.0,10.0,2.0,CA0196200
2020.0,3.0,14.0,0.0,11.0,0.0,0.0,22.0,23.0,3.0,0.0,0.0,2.0,0.0,0.0,0.0,7.0,0.0,0.0,11.0,0.0,0.0,0.0,1.0,1.0,3.0,1.0,0.0,0.0,0.0,2.0,3.0,CA0196300
2020.0,54.0,116.0,1.0,14.0,0.0,0.0,54.0,118.0,0.0,0.0,0.0,2.0,0.0,0.0,0.0,18.0,0.0,0.0,11.0,0.0,0.0,0.0,0.0,10.0,29.0,4.0,0.0,0.0,16.0,8.0,2.0,CA0196400
2020.0,207.0,1447.0,12.0,143.0,0.0,1.0,118.0,230.0,185.0,3.0,4.0,12.0,0.0,0.0,0.0,94.0,2.0,0.0,20.0,4.0,0.0,1.0,8.0,88.0,195.0,26.0,0.0,10.0,59.0,44.0,28.0,CA0196500
2020.0,4.0,13.0,4.0,5.0,0.0,0.0,6.0,32.0,12.0,0.0,5.0,1.0,0.0,0.0,0.0,4.0,1.0,0.0,2.0,0.0,0.0,0.0,1.0,1.0,9.0,3.0,0.0,0.0,1.0,2.0,0.0,CA0196600
2020.0,32.0,131.0,2.0,25.0,0.0,0.0,76.0,99.0,0.0,0.0,1.0,2.0,0.0,0.0,0.0,57.0,3.0,0.0,13.0,0.0,0.0,0.0,0.0,13.0,36.0,3.0,0.0,2.0,9.0,14.0,1.0,CA0196700
2020.0,76.0,740.0,2.0,18.0,0.0,0.0,13.0,562.0,12.0,0.0,5.0,4.0,0.0,0.0,0.0,30.0,0.0,0.0,12.0,5.0,0.0,0.0,3.0,11.0,50.0,6.0,0.0,0.0,13.0,56.0,14.0,CA0196800
2020.0,162.0,136.0,1.0,56.0,0.0,0.0,90.0,174.0,66.0,0.0,3.0,0.0,1.0,0.0,0.0,55.0,0.0,0.0,56.0,2.0,0.0,0.0,3.0,50.0,75.0,4.0,0.0,0.0,52.0,37.0,20.0,CA0196900
2020.0,5.0,139.0,2.0,42.0,8.0,2.0,31.0,61.0,26.0,0.0,0.0,4.0,0.0,0.0,0.0,23.0,0.0,0.0,10.0,0.0,1.0,0.0,0.0,4.0,25.0,4.0,0.0,2.0,7.0,0.0,4.0,CA0197000
2020.0,31.0,314.0,0.0,11.0,0.0,0.0,9.0,102.0,7.0,1.0,2.0,2.0,0.0,0.0,0.0,13.0,1.0,0.0,9.0,1.0,0.0,0.0,1.0,1.0,25.0,1.0,0.0,0.0,5.0,19.0,1.0,CA0197100
2020.0,102.0,211.0,1.0,117.0,0.0,0.0,132.0,403.0,152.0,1.0,27.0,9.0,0.0,0.0,0.0,261.0,1.0,0.0,105.0,7.0,0.0,0.0,3.0,58.0,154.0,35.0,0.0,1.0,28.0,54.0,15.0,CA0197200
2020.0,12.0,121.0,0.0,45.0,0.0,0.0,48.0,44.0,1.0,1.0,0.0,0.0,0.0,0.0,0.0,35.0,0.0,0.0,35.0,0.0,1.0,0.0,0.0,3.0,22.0,12.0,0.0,0.0,7.0,6.0,0.0,CA0197300
2020.0,30.0,117.0,1.0,14.0,0.0,0.0,13.0,21.0,1.0,2.0,0.0,0.0,0.0,0.0,0.0,16.0,0.0,0.0,23.0,1.0,0.0,0.0,1.0,5.0,10.0,1.0,0.0,6.0,3.0,3.0,4.0,CA0197400
2020.0,142.0,175.0,6.0,61.0,0.0,0.0,57.0,196.0,79.0,0.0,23.0,16.0,6.0,0.0,0.0,96.0,0.0,0.0,50.0,1.0,0.0,0.0,5.0,37.0,51.0,10.0,0.0,0.0,13.0,42.0,11.0,CA0197500
2020.0,142.0,382.0,2.0,39.0,0.0,2.0,76.0,305.0,5.0,0.0,1.0,3.0,0.0,0.0,0.0,45.0,2.0,0.0,22.0,7.0,1.0,0.0,4.0,25.0,82.0,11.0,0.0,0.0,36.0,21.0,15.0,CA0197600
2020.0,193.0,971.0,2.0,87.0,0.0,0.0,84.0,496.0,5.0,4.0,34.0,23.0,1.0,0.0,0.0,88.0,0.0,0.0,72.0,4.0,0.0,0.0,2.0,29.0,93.0,14.0,0.0,1.0,32.0,117.0,12.0,CA0197700
2020.0,29.0,119.0,0.0,12.0,0.0,0.0,14.0,36.0,2.0,0.0,1.0,0.0,0.0,0.0,0.0,13.0,0.0,1.0,25.0,0.0,0.0,0.0,0.0,3.0,13.0,2.0,0.0,0.0,2.0,11.0,1.0,CA0198000
2020.0,2.0,8.0,0.0,2.0,0.0,1.0,1.0,1.0,0.0,0.0,0.0,0.0,0.0,0.0,0.0,1.0,1.0,0.0,0.0,0.0,0.0,0.0,0.0,0.0,7.0,0.0,0.0,1.0,3.0,3.0,0.0,CA0198400
2020.0,10.0,37.0,1.0,9.0,0.0,0.0,18.0,14.0,1.0,0.0,1.0,0.0,0.0,0.0,0.0,10.0,0.0,0.0,5.0,0.0,0.0,0.0,1.0,0.0,8.0,0.0,0.0,0.0,1.0,1.0,0.0,CA019900X
2020.0,761.0,2150.0,2.0,122.0,0.0,49.0,153.0,553.0,79.0,3.0,6.0,9.0,0.0,0.0,0.0,81.0,2.0,0.0,73.0,7.0,0.0,4.0,3.0,54.0,314.0,11.0,0.0,2.0,24.0,185.0,19.0,CA019960X
2020.0,16.0,84.0,5.0,25.0,0.0,2.0,22.0,156.0,8.0,0.0,1.0,4.0,0.0,0.0,0.0,32.0,0.0,0.0,6.0,0.0,0.0,0.0,0.0,3.0,73.0,3.0,0.0,1.0,16.0,23.0,5.0,CA0199700
2020.0,64.0,316.0,4.0,12.0,0.0,6.0,5971.0,134.0,26.0,0.0,8.0,87.0,0.0,0.0,0.0,11.0,3.0,14.0,22.0,2.0,3.0,1.0,0.0,2.0,193.0,14.0,0.0,1.0,86.0,79.0,8.0,CA0199900
2020.0,142.0,411.0,0.0,29.0,0.0,1.0,7.0,178.0,51.0,0.0,4.0,4.0,0.0,0.0,0.0,20.0,1.0,0.0,4.0,6.0,0.0,0.0,3.0,7.0,81.0,13.0,0.0,1.0,15.0,36.0,15.0,CA0200000
2020.0,30.0,218.0,1.0,5.0,0.0,1.0,15.0,101.0,15.0,0.0,5.0,2.0,0.0,0.0,0.0,6.0,1.0,0.0,8.0,0.0,0.0,0.0,2.0,2.0,36.0,0.0,0.0,0.0,9.0,9.0,6.0,CA0200100
2020.0,243.0,404.0,5.0,25.0,0.0,2.0,250.0,854.0,11.0,0.0,7.0,13.0,0.0,0.0,0.0,45.0,1.0,1.0,37.0,4.0,0.0,0.0,12.0,18.0,232.0,22.0,0.0,2.0,40.0,89.0,22.0,CA0200200
2020.0,6.0,44.0,0.0,2.0,0.0,0.0,733.0,30.0,6.0,0.0,0.0,7.0,0.0,0.0,0.0,0.0,0.0,0.0,2.0,0.0,0.0,0.0,0.0,0.0,4.0,3.0,0.0,0.0,5.0,5.0,0.0,CA0209900
2020.0,82.0,225.0,1.0,36.0,0.0,0.0,8.0,257.0,54.0,1.0,4.0,1.0,0.0,0.0,0.0,9.0,1.0,0.0,4.0,0.0,1.0,3.0,0.0,12.0,64.0,17.0,0.0,0.0,17.0,21.0,10.0,CA0210000
2020.0,1.0,0.0,0.0,0.0,0.0,0.0,3.0,0.0,1.0,0.0,0.0,0.0,0.0,0.0,0.0,0.0,0.0,0.0,0.0,0.0,0.0,0.0,0.0,0.0,0.0,0.0,0.0,0.0,0.0,0.0,0.0,CA0210100
2020.0,8.0,23.0,0.0,2.0,0.0,0.0,15.0,22.0,11.0,0.0,0.0,1.0,0.0,0.0,0.0,0.0,1.0,0.0,1.0,0.0,0.0,0.0,0.0,0.0,17.0,2.0,0.0,0.0,0.0,0.0,1.0,CA0210300
2020.0,4.0,22.0,0.0,4.0,0.0,1.0,15.0,21.0,11.0,0.0,0.0,3.0,0.0,0.0,0.0,3.0,5.0,0.0,2.0,0.0,0.0,0.0,0.0,0.0,4.0,5.0,0.0,1.0,1.0,0.0,0.0,CA0210500
2020.0,76.0,204.0,8.0,14.0,2.0,5.0,79.0,283.0,29.0,1.0,1.0,0.0,0.0,0.0,0.0,13.0,6.0,0.0,5.0,1.0,0.0,0.0,1.0,5.0,118.0,12.0,0.0,1.0,26.0,12.0,13.0,CA0210600
2020.0,149.0,317.0,12.0,54.0,0.0,4.0,110.0,513.0,139.0,0.0,0.0,7.0,0.0,0.0,0.0,55.0,23.0,0.0,10.0,0.0,0.0,3.0,5.0,24.0,177.0,30.0,0.0,36.0,51.0,37.0,19.0,CA0210900
2020.0,9.0,14.0,1.0,4.0,0.0,1.0,19.0,11.0,9.0,0.0,2.0,1.0,0.0,0.0,0.0,3.0,0.0,0.0,3.0,0.0,0.0,0.0,0.0,1.0,16.0,17.0,0.0,0.0,3.0,2.0,1.0,CA0211000
2020.0,7.0,6.0,0.0,2.0,0.0,0.0,5.0,9.0,3.0,0.0,1.0,0.0,0.0,0.0,0.0,3.0,0.0,0.0,4.0,0.0,0.0,0.0,1.0,0.0,7.0,5.0,0.0,0.0,1.0,1.0,0.0,CA0211100
2020.0,18.0,71.0,1.0,19.0,0.0,1.0,38.0,83.0,49.0,1.0,5.0,2.0,0.0,0.0,0.0,6.0,3.0,0.0,2.0,0.0,0.0,0.0,1.0,8.0,23.0,7.0,0.0,4.0,10.0,4.0,3.0,CA0211700
2020.0,9.0,62.0,1.0,1.0,0.0,1.0,489.0,15.0,7.0,0.0,0.0,7.0,0.0,0.0,0.0,0.0,0.0,0.0,8.0,0.0,1.0,0.0,0.0,1.0,8.0,7.0,0.0,0.0,5.0,5.0,0.0,CA0219900
2020.0,43.0,92.0,2.0,9.0,0.0,3.0,33.0,191.0,15.0,0.0,2.0,5.0,0.0,0.0,0.0,7.0,2.0,0.0,3.0,0.0,0.0,0.0,1.0,0.0,37.0,10.0,0.0,0.0,5.0,11.0,3.0,CA0220000
2020.0,1.0,9.0,0.0,0.0,0.0,0.0,49.0,2.0,0.0,0.0,0.0,1.0,0.0,0.0,0.0,0.0,0.0,0.0,0.0,0.0,0.0,0.0,0.0,0.0,0.0,0.0,0.0,0.0,0.0,0.0,0.0,CA0229900
2020.0,157.0,342.0,5.0,37.0,0.0,0.0,9.0,339.0,11.0,0.0,6.0,6.0,0.0,0.0,0.0,10.0,0.0,0.0,0.0,4.0,0.0,0.0,4.0,8.0,116.0,15.0,0.0,3.0,16.0,60.0,3.0,CA0230000
2020.0,29.0,151.0,1.0,25.0,0.0,1.0,21.0,78.0,64.0,0.0,0.0,1.0,0.0,0.0,0.0,15.0,0.0,0.0,0.0,0.0,1.0,0.0,2.0,3.0,47.0,4.0,0.0,2.0,4.0,3.0,3.0,CA0230100
2020.0,89.0,267.0,12.0,20.0,0.0,0.0,68.0,272.0,212.0,0.0,1.0,7.0,0.0,0.0,0.0,29.0,1.0,0.0,9.0,0.0,0.0,0.0,0.0,6.0,105.0,11.0,0.0,3.0,21.0,38.0,9.0,CA0230300
2020.0,24.0,60.0,1.0,5.0,0.0,1.0,15.0,63.0,0.0,0.0,1.0,0.0,0.0,0.0,0.0,4.0,0.0,0.0,1.0,0.0,0.0,0.0,0.0,2.0,18.0,0.0,0.0,0.0,0.0,4.0,0.0,CA0230400
2020.0,14.0,148.0,0.0,0.0,0.0,0.0,309.0,35.0,5.0,0.0,0.0,10.0,0.0,0.0,0.0,1.0,0.0,1.0,5.0,0.0,1.0,0.0,0.0,1.0,9.0,3.0,0.0,0.0,3.0,5.0,2.0,CA0239900
2020.0,184.0,836.0,2.0,17.0,0.0,8.0,0.0,171.0,60.0,0.0,2.0,0.0,0.0,0.0,0.0,19.0,2.0,0.0,4.0,2.0,2.0,0.0,4.0,12.0,136.0,38.0,0.0,0.0,23.0,39.0,22.0,CA0240000
2020.0,51.0,220.0,0.0,42.0,2.0,1.0,52.0,250.0,29.0,0.0,2.0,1.0,0.0,0.0,0.0,16.0,0.0,0.0,3.0,1.0,0.0,0.0,1.0,12.0,88.0,20.0,0.0,1.0,13.0,14.0,4.0,CA0240100
2020.0,37.0,53.0,2.0,12.0,0.0,0.0,8.0,78.0,11.0,0.0,2.0,3.0,0.0,0.0,0.0,4.0,1.0,0.0,0.0,1.0,3.0,0.0,0.0,3.0,22.0,6.0,0.0,0.0,4.0,8.0,0.0,CA0240200
2020.0,17.0,75.0,1.0,4.0,0.0,0.0,7.0,43.0,3.0,0.0,1.0,0.0,0.0,0.0,0.0,0.0,0.0,0.0,1.0,0.0,1.0,0.0,0.0,0.0,20.0,4.0,0.0,0.0,7.0,5.0,1.0,CA0240300
2020.0,35.0,104.0,0.0,12.0,0.0,0.0,44.0,40.0,12.0,0.0,1.0,0.0,0.0,0.0,0.0,5.0,0.0,0.0,1.0,0.0,0.0,0.0,0.0,2.0,31.0,7.0,0.0,0.0,9.0,5.0,5.0,CA0240400
2020.0,74.0,462.0,3.0,27.0,0.0,1.0,75.0,249.0,123.0,0.0,2.0,0.0,0.0,0.0,0.0,20.0,2.0,0.0,17.0,6.0,0.0,0.0,2.0,8.0,118.0,8.0,0.0,2.0,28.0,35.0,7.0,CA0240500
2020.0,406.0,537.0,19.0,107.0,0.0,23.0,248.0,302.0,98.0,3.0,6.0,6.0,0.0,0.0,0.0,44.0,9.0,1.0,111.0,7.0,1.0,41.0,18.0,64.0,445.0,47.0,0.0,91.0,46.0,169.0,40.0,CA0240600
2020.0,8.0,78.0,0.0,0.0,0.0,0.0,534.0,24.0,4.0,1.0,1.0,16.0,0.0,0.0,0.0,1.0,0.0,4.0,5.0,0.0,1.0,0.0,0.0,0.0,15.0,0.0,0.0,0.0,4.0,4.0,1.0,CA0249900
2020.0,18.0,89.0,2.0,4.0,0.0,1.0,4.0,8.0,0.0,0.0,0.0,0.0,0.0,0.0,0.0,1.0,0.0,0.0,0.0,1.0,0.0,0.0,1.0,5.0,12.0,1.0,0.0,0.0,1.0,6.0,1.0,CA0250000
2020.0,16.0,88.0,1.0,3.0,0.0,4.0,22.0,47.0,18.0,0.0,0.0,2.0,0.0,0.0,0.0,2.0,0.0,0.0,1.0,0.0,0.0,0.0,1.0,0.0,23.0,1.0,0.0,0.0,1.0,10.0,7.0,CA0250100
2020.0,23.0,11.0,1.0,4.0,0.0,1.0,6.0,14.0,0.0,0.0,0.0,0.0,0.0,0.0,0.0,3.0,0.0,0.0,2.0,0.0,0.0,0.0,0.0,0.0,9.0,0.0,0.0,0.0,4.0,0.0,0.0,CA0260000
2020.0,27.0,17.0,1.0,3.0,0.0,0.0,21.0,10.0,1.0,0.0,1.0,0.0,0.0,0.0,0.0,1.0,2.0,0.0,3.0,1.0,0.0,0.0,1.0,2.0,16.0,2.0,0.0,0.0,3.0,0.0,2.0,CA0260100
2020.0,0.0,0.0,0.0,0.0,0.0,0.0,58.0,0.0,0.0,0.0,0.0,0.0,0.0,0.0,0.0,0.0,0.0,0.0,0.0,0.0,0.0,0.0,0.0,0.0,1.0,0.0,0.0,0.0,1.0,2.0,0.0,CA0269900
2020.0,179.0,464.0,3.0,54.0,0.0,1.0,19.0,350.0,16.0,0.0,6.0,12.0,0.0,0.0,0.0,21.0,10.0,0.0,32.0,7.0,0.0,1.0,8.0,14.0,98.0,16.0,0.0,1.0,17.0,43.0,19.0,CA0270000
2020.0,1.0,27.0,0.0,8.0,0.0,1.0,30.0,44.0,4.0,0.0,0.0,4.0,0.0,0.0,0.0,4.0,0.0,0.0,2.0,0.0,0.0,0.0,0.0,4.0,17.0,1.0,0.0,5.0,1.0,5.0,1.0,CA0270100
2020.0,0.0,3.0,0.0,1.0,0.0,0.0,3.0,3.0,0.0,0.0,0.0,0.0,0.0,0.0,0.0,4.0,0.0,0.0,1.0,0.0,0.0,0.0,0.0,1.0,6.0,0.0,0.0,0.0,0.0,0.0,0.0,CA0270200
2020.0,15.0,31.0,0.0,5.0,0.0,0.0,32.0,64.0,6.0,0.0,2.0,2.0,0.0,0.0,0.0,6.0,0.0,0.0,2.0,0.0,0.0,0.0,1.0,1.0,20.0,2.0,0.0,0.0,6.0,1.0,1.0,CA0270300
2020.0,43.0,161.0,3.0,9.0,0.0,6.0,84.0,82.0,8.0,1.0,10.0,2.0,0.0,0.0,0.0,0.0,12.0,0.0,6.0,0.0,0.0,0.0,5.0,6.0,45.0,2.0,0.0,2.0,5.0,17.0,8.0,CA0270400
2020.0,33.0,77.0,3.0,10.0,0.0,0.0,31.0,53.0,5.0,0.0,1.0,1.0,0.0,0.0,0.0,7.0,0.0,0.0,2.0,0.0,0.0,0.0,2.0,1.0,23.0,0.0,0.0,0.0,3.0,4.0,5.0,CA0270500
2020.0,85.0,251.0,1.0,74.0,0.0,22.0,103.0,376.0,127.0,2.0,5.0,19.0,0.0,0.0,0.0,38.0,10.0,0.0,1.0,0.0,0.0,1.0,3.0,9.0,132.0,14.0,0.0,11.0,13.0,25.0,8.0,CA0270600
2020.0,6.0,51.0,0.0,3.0,0.0,7.0,12.0,41.0,18.0,0.0,0.0,0.0,0.0,0.0,0.0,3.0,1.0,0.0,0.0,0.0,0.0,0.0,0.0,0.0,31.0,1.0,0.0,0.0,0.0,2.0,0.0,CA0270700
2020.0,301.0,950.0,6.0,123.0,0.0,18.0,277.0,282.0,77.0,2.0,9.0,10.0,0.0,0.0,0.0,79.0,1.0,0.0,78.0,5.0,0.0,0.0,11.0,90.0,296.0,6.0,0.0,9.0,57.0,104.0,36.0,CA0270800
2020.0,5.0,20.0,0.0,9.0,0.0,0.0,7.0,54.0,3.0,0.0,0.0,0.0,0.0,0.0,0.0,7.0,2.0,0.0,1.0,0.0,0.0,0.0,0.0,1.0,10.0,5.0,0.0,0.0,4.0,3.0,0.0,CA0270900
2020.0,53.0,75.0,0.0,27.0,0.0,6.0,52.0,138.0,16.0,0.0,2.0,4.0,0.0,0.0,0.0,6.0,1.0,1.0,5.0,1.0,0.0,0.0,1.0,13.0,68.0,3.0,0.0,4.0,9.0,14.0,7.0,CA0271000
2020.0,28.0,117.0,2.0,9.0,0.0,1.0,42.0,80.0,4.0,0.0,1.0,10.0,0.0,0.0,0.0,5.0,0.0,0.0,6.0,0.0,0.0,0.0,1.0,3.0,62.0,2.0,0.0,1.0,8.0,11.0,9.0,CA0271100
2020.0,72.0,90.0,0.0,14.0,0.0,5.0,66.0,213.0,35.0,0.0,5.0,4.0,0.0,0.0,0.0,6.0,6.0,0.0,13.0,0.0,0.0,0.0,1.0,3.0,60.0,10.0,0.0,5.0,6.0,9.0,3.0,CA0271200
2020.0,2.0,27.0,0.0,1.0,0.0,0.0,1.0,13.0,4.0,0.0,1.0,3.0,0.0,0.0,0.0,1.0,5.0,0.0,1.0,1.0,0.0,0.0,0.0,0.0,6.0,0.0,0.0,0.0,3.0,1.0,0.0,CA0271700
2020.0,19.0,138.0,3.0,0.0,0.0,0.0,1355.0,136.0,18.0,0.0,2.0,19.0,0.0,0.0,0.0,2.0,2.0,2.0,12.0,1.0,1.0,0.0,0.0,0.0,9.0,8.0,0.0,0.0,5.0,11.0,1.0,CA0279900
2020.0,37.0,173.0,4.0,20.0,0.0,0.0,16.0,133.0,28.0,0.0,4.0,3.0,0.0,0.0,0.0,13.0,1.0,0.0,9.0,0.0,0.0,0.0,1.0,10.0,20.0,5.0,0.0,1.0,9.0,19.0,4.0,CA0280000
2020.0,15.0,17.0,0.0,0.0,0.0,1.0,14.0,30.0,0.0,0.0,0.0,0.0,0.0,0.0,0.0,3.0,2.0,0.0,4.0,0.0,0.0,0.0,0.0,1.0,7.0,2.0,0.0,2.0,2.0,0.0,0.0,CA0280100
2020.0,173.0,251.0,5.0,48.0,0.0,2.0,109.0,328.0,157.0,0.0,3.0,7.0,0.0,0.0,0.0,39.0,8.0,0.0,10.0,0.0,0.0,0.0,8.0,22.0,155.0,23.0,0.0,1.0,25.0,22.0,6.0,CA0280200
2020.0,11.0,12.0,0.0,2.0,0.0,0.0,21.0,11.0,3.0,0.0,0.0,0.0,0.0,0.0,0.0,1.0,1.0,0.0,1.0,0.0,0.0,0.0,0.0,0.0,8.0,2.0,0.0,0.0,2.0,1.0,0.0,CA0280300
2020.0,2.0,2.0,0.0,0.0,0.0,0.0,0.0,0.0,0.0,0.0,0.0,0.0,0.0,0.0,0.0,0.0,0.0,0.0,0.0,0.0,0.0,0.0,0.0,0.0,0.0,0.0,0.0,0.0,0.0,0.0,0.0,CA0280800
2020.0,45.0,90.0,0.0,17.0,0.0,0.0,61.0,202.0,22.0,0.0,2.0,3.0,0.0,0.0,0.0,99.0,0.0,0.0,3.0,1.0,0.0,1.0,0.0,12.0,56.0,6.0,0.0,1.0,4.0,12.0,3.0,CA0280900
2020.0,0.0,16.0,0.0,0.0,0.0,0.0,307.0,16.0,4.0,0.0,0.0,1.0,0.0,0.0,0.0,2.0,2.0,0.0,2.0,1.0,0.0,0.0,0.0,0.0,6.0,0.0,0.0,0.0,0.0,2.0,0.0,CA0289900
2020.0,64.0,163.0,0.0,12.0,0.0,3.0,6.0,86.0,13.0,0.0,15.0,1.0,0.0,0.0,0.0,5.0,5.0,0.0,6.0,3.0,0.0,0.0,1.0,2.0,66.0,0.0,0.0,2.0,19.0,14.0,6.0,CA0290000
2020.0,60.0,238.0,4.0,16.0,0.0,1.0,70.0,190.0,82.0,0.0,3.0,4.0,0.0,0.0,0.0,34.0,6.0,0.0,18.0,0.0,0.0,0.0,0.0,6.0,89.0,10.0,0.0,7.0,23.0,12.0,6.0,CA0290100
2020.0,15.0,116.0,0.0,9.0,0.0,0.0,32.0,40.0,48.0,0.0,1.0,1.0,0.0,0.0,0.0,0.0,0.0,0.0,4.0,0.0,0.0,0.0,0.0,1.0,9.0,4.0,0.0,0.0,3.0,4.0,1.0,CA0290200
2020.0,28.0,85.0,1.0,1.0,0.0,0.0,63.0,18.0,32.0,0.0,0.0,4.0,0.0,0.0,0.0,3.0,4.0,0.0,4.0,0.0,1.0,0.0,0.0,0.0,35.0,2.0,0.0,1.0,4.0,4.0,1.0,CA0290800
2020.0,1.0,4.0,0.0,0.0,0.0,0.0,212.0,5.0,4.0,0.0,0.0,2.0,0.0,0.0,0.0,0.0,0.0,0.0,0.0,0.0,0.0,0.0,0.0,0.0,6.0,0.0,0.0,0.0,1.0,2.0,0.0,CA0299900
2020.0,133.0,562.0,2.0,48.0,0.0,3.0,73.0,1276.0,18.0,1.0,14.0,20.0,0.0,0.0,0.0,65.0,1.0,0.0,12.0,2.0,0.0,11.0,5.0,19.0,125.0,49.0,0.0,2.0,37.0,84.0,9.0,CA0300000
2020.0,693.0,1495.0,14.0,185.0,0.0,13.0,442.0,2142.0,212.0,2.0,8.0,31.0,18.0,0.0,0.0,302.0,19.0,0.0,82.0,22.0,0.0,41.0,30.0,144.0,642.0,176.0,0.0,22.0,195.0,194.0,96.0,CA0300100
2020.0,28.0,82.0,3.0,125.0,0.0,0.0,116.0,430.0,11.0,1.0,2.0,11.0,0.0,0.0,0.0,82.0,1.0,0.0,12.0,0.0,0.0,0.0,1.0,0.0,47.0,27.0,0.0,2.0,18.0,21.0,4.0,CA0300200
2020.0,130.0,528.0,4.0,46.0,0.0,4.0,179.0,946.0,118.0,0.0,22.0,43.0,10.0,0.0,0.0,170.0,2.0,0.0,54.0,3.0,1.0,9.0,0.0,21.0,131.0,102.0,0.0,4.0,31.0,71.0,6.0,CA0300300
2020.0,231.0,738.0,8.0,143.0,0.0,8.0,392.0,1806.0,185.0,4.0,17.0,19.0,0.0,0.0,0.0,146.0,7.0,0.0,48.0,3.0,0.0,0.0,5.0,43.0,172.0,29.0,0.0,19.0,84.0,59.0,25.0,CA0300400
2020.0,37.0,39.0,4.0,48.0,0.0,0.0,27.0,224.0,5.0,0.0,1.0,6.0,0.0,0.0,0.0,26.0,0.0,0.0,2.0,0.0,0.0,3.0,0.0,4.0,38.0,18.0,0.0,0.0,13.0,10.0,3.0,CA0300500
2020.0,29.0,47.0,3.0,14.0,0.0,0.0,18.0,63.0,1.0,0.0,1.0,1.0,0.0,0.0,0.0,30.0,1.0,0.0,3.0,0.0,0.0,0.0,0.0,1.0,21.0,4.0,0.0,2.0,5.0,5.0,6.0,CA0300600
2020.0,59.0,224.0,2.0,72.0,4.0,9.0,98.0,618.0,9.0,1.0,5.0,21.0,0.0,0.0,0.0,71.0,4.0,0.0,19.0,0.0,1.0,0.0,0.0,12.0,77.0,9.0,0.0,0.0,25.0,32.0,3.0,CA0300700
2020.0,380.0,420.0,11.0,59.0,0.0,55.0,306.0,1352.0,168.0,2.0,23.0,13.0,0.0,0.0,0.0,194.0,15.0,0.0,24.0,2.0,0.0,0.0,3.0,57.0,431.0,49.0,0.0,0.0,101.0,139.0,43.0,CA0300800
2020.0,232.0,1534.0,7.0,173.0,0.0,2.0,220.0,1556.0,282.0,1.0,20.0,28.0,137.0,0.0,0.0,112.0,0.0,0.0,129.0,1.0,0.0,20.0,14.0,67.0,289.0,59.0,0.0,38.0,124.0,159.0,29.0,CA0300900
2020.0,307.0,815.0,8.0,91.0,0.0,42.0,620.0,1609.0,555.0,3.0,18.0,24.0,0.0,0.0,0.0,155.0,170.0,1.0,88.0,3.0,0.0,2.0,6.0,44.0,415.0,39.0,0.0,57.0,104.0,60.0,41.0,CA0301000
2020.0,41.0,277.0,3.0,18.0,0.0,6.0,247.0,127.0,66.0,5.0,0.0,3.0,0.0,0.0,0.0,23.0,5.0,0.0,34.0,0.0,0.0,0.0,0.0,10.0,81.0,4.0,0.0,0.0,15.0,0.0,6.0,CA0301100
2020.0,84.0,236.0,2.0,35.0,7.0,2.0,217.0,488.0,87.0,1.0,3.0,5.0,0.0,0.0,0.0,82.0,4.0,0.0,8.0,1.0,0.0,0.0,2.0,11.0,104.0,25.0,0.0,1.0,20.0,49.0,18.0,CA0301200
2020.0,15.0,23.0,2.0,15.0,0.0,0.0,28.0,156.0,8.0,0.0,5.0,8.0,0.0,0.0,0.0,13.0,0.0,0.0,8.0,0.0,0.0,0.0,0.0,0.0,22.0,6.0,0.0,1.0,0.0,10.0,2.0,CA0301300
2020.0,145.0,367.0,2.0,113.0,1.0,4.0,396.0,651.0,247.0,0.0,16.0,28.0,0.0,0.0,0.0,120.0,24.0,0.0,29.0,1.0,0.0,2.0,2.0,30.0,173.0,49.0,0.0,1.0,38.0,74.0,12.0,CA0301400
2020.0,188.0,1008.0,10.0,118.0,13.0,4.0,390.0,1765.0,64.0,1.0,9.0,19.0,0.0,0.0,0.0,98.0,10.0,0.0,5.0,2.0,0.0,1.0,4.0,25.0,208.0,96.0,0.0,147.0,66.0,49.0,30.0,CA0301500
2020.0,86.0,271.0,2.0,24.0,0.0,1.0,65.0,245.0,13.0,0.0,5.0,6.0,0.0,0.0,0.0,21.0,6.0,0.0,10.0,0.0,0.0,0.0,0.0,16.0,88.0,14.0,0.0,0.0,26.0,26.0,3.0,CA0301600
2020.0,93.0,240.0,2.0,60.0,0.0,7.0,48.0,361.0,22.0,0.0,2.0,6.0,0.0,0.0,0.0,42.0,1.0,0.0,7.0,0.0,0.0,0.0,0.0,11.0,97.0,20.0,0.0,0.0,35.0,25.0,10.0,CA0301700
2020.0,48.0,151.0,0.0,20.0,0.0,1.0,19.0,912.0,29.0,0.0,10.0,10.0,0.0,0.0,0.0,38.0,2.0,0.0,4.0,1.0,0.0,0.0,0.0,14.0,48.0,10.0,0.0,6.0,12.0,38.0,4.0,CA0301800
2020.0,405.0,1594.0,15.0,110.0,0.0,6.0,258.0,1253.0,151.0,0.0,5.0,18.0,24.0,0.0,0.0,78.0,11.0,2.0,85.0,9.0,1.0,32.0,29.0,93.0,300.0,279.0,0.0,3.0,128.0,189.0,53.0,CA0301900
2020.0,21.0,39.0,0.0,32.0,0.0,0.0,69.0,108.0,56.0,1.0,0.0,7.0,0.0,0.0,0.0,24.0,15.0,0.0,1.0,0.0,0.0,0.0,1.0,4.0,48.0,13.0,0.0,2.0,6.0,5.0,0.0,CA0302000
2020.0,70.0,186.0,0.0,32.0,0.0,0.0,33.0,268.0,4.0,0.0,2.0,6.0,0.0,0.0,0.0,26.0,1.0,0.0,6.0,0.0,0.0,21.0,3.0,17.0,28.0,66.0,0.0,0.0,13.0,25.0,3.0,CA0302100
2020.0,160.0,197.0,10.0,122.0,0.0,4.0,114.0,881.0,37.0,0.0,3.0,31.0,0.0,0.0,0.0,95.0,0.0,0.0,55.0,0.0,0.0,0.0,4.0,36.0,126.0,45.0,0.0,11.0,47.0,89.0,14.0,CA0302200
2020.0,2.0,4.0,0.0,0.0,0.0,0.0,1.0,8.0,0.0,0.0,0.0,0.0,0.0,0.0,0.0,0.0,0.0,0.0,0.0,0.0,0.0,0.0,0.0,0.0,4.0,0.0,0.0,0.0,4.0,1.0,0.0,CA0302300
2020.0,195.0,238.0,6.0,68.0,0.0,1.0,183.0,720.0,18.0,1.0,3.0,9.0,13.0,0.0,0.0,94.0,0.0,0.0,23.0,1.0,0.0,0.0,0.0,37.0,229.0,48.0,0.0,1.0,51.0,26.0,15.0,CA0302400
2020.0,30.0,100.0,1.0,45.0,0.0,1.0,25.0,212.0,2.0,0.0,3.0,2.0,0.0,0.0,0.0,22.0,2.0,0.0,3.0,0.0,0.0,0.0,1.0,2.0,24.0,17.0,0.0,0.0,13.0,14.0,2.0,CA0302500
2020.0,240.0,129.0,3.0,107.0,0.0,1.0,211.0,682.0,16.0,0.0,11.0,7.0,0.0,0.0,0.0,66.0,1.0,0.0,20.0,3.0,0.0,1.0,3.0,20.0,146.0,48.0,0.0,1.0,20.0,27.0,8.0,CA0302600
2020.0,3.0,9.0,0.0,4.0,0.0,0.0,17.0,9.0,0.0,0.0,0.0,1.0,0.0,0.0,0.0,0.0,0.0,0.0,1.0,0.0,0.0,0.0,1.0,0.0,1.0,2.0,0.0,0.0,0.0,1.0,0.0,CA0302700
2020.0,0.0,16.0,0.0,0.0,0.0,0.0,0.0,0.0,0.0,0.0,0.0,0.0,0.0,0.0,0.0,0.0,0.0,0.0,0.0,0.0,0.0,0.0,0.0,0.0,0.0,0.0,0.0,0.0,0.0,0.0,0.0,CA030290X
2020.0,5.0,73.0,1.0,0.0,0.0,2.0,30.0,47.0,12.0,0.0,0.0,0.0,0.0,0.0,0.0,2.0,3.0,0.0,0.0,0.0,0.0,0.0,0.0,0.0,4.0,3.0,0.0,0.0,3.0,0.0,5.0,CA0303200
2020.0,80.0,187.0,1.0,19.0,0.0,1.0,76.0,230.0,0.0,0.0,2.0,5.0,0.0,0.0,0.0,34.0,0.0,0.0,4.0,0.0,0.0,0.0,1.0,8.0,62.0,12.0,0.0,1.0,9.0,16.0,3.0,CA030350X
2020.0,45.0,352.0,0.0,17.0,0.0,2.0,94.0,362.0,3.0,0.0,3.0,10.0,0.0,0.0,0.0,27.0,12.0,0.0,1.0,0.0,0.0,0.0,3.0,4.0,52.0,13.0,0.0,0.0,11.0,29.0,9.0,CA030360X
2020.0,54.0,96.0,2.0,26.0,0.0,0.0,95.0,207.0,17.0,0.0,5.0,9.0,0.0,0.0,0.0,50.0,0.0,0.0,8.0,0.0,0.0,1.0,2.0,5.0,39.0,11.0,0.0,0.0,9.0,5.0,3.0,CA030390X
2020.0,50.0,72.0,0.0,6.0,0.0,0.0,47.0,203.0,9.0,0.0,1.0,1.0,0.0,0.0,0.0,20.0,1.0,0.0,0.0,0.0,0.0,0.0,4.0,7.0,35.0,7.0,0.0,2.0,11.0,9.0,2.0,CA030420X
2020.0,109.0,147.0,3.0,27.0,0.0,3.0,119.0,476.0,34.0,1.0,7.0,6.0,0.0,0.0,0.0,39.0,2.0,0.0,10.0,2.0,0.0,0.0,1.0,11.0,71.0,22.0,0.0,0.0,24.0,33.0,8.0,CA030430X
2020.0,10.0,14.0,1.0,4.0,0.0,0.0,7.0,12.0,3.0,0.0,0.0,0.0,0.0,0.0,0.0,4.0,0.0,0.0,0.0,0.0,0.0,0.0,0.0,1.0,10.0,0.0,0.0,0.0,1.0,2.0,1.0,CA030470X
2020.0,32.0,34.0,0.0,8.0,0.0,1.0,33.0,60.0,3.0,0.0,0.0,2.0,0.0,0.0,0.0,16.0,0.0,0.0,2.0,0.0,0.0,0.0,0.0,3.0,27.0,3.0,0.0,0.0,8.0,7.0,2.0,CA030480X
2020.0,52.0,47.0,3.0,5.0,0.0,0.0,34.0,96.0,6.0,0.0,1.0,1.0,0.0,0.0,0.0,8.0,0.0,0.0,2.0,1.0,0.0,0.0,0.0,1.0,30.0,6.0,0.0,0.0,6.0,5.0,4.0,CA030490X
2020.0,0.0,2.0,0.0,0.0,0.0,0.0,0.0,0.0,0.0,0.0,0.0,1.0,0.0,0.0,0.0,0.0,0.0,0.0,0.0,0.0,0.0,0.0,0.0,0.0,0.0,0.0,0.0,0.0,0.0,0.0,0.0,CA0309600
2020.0,12.0,29.0,0.0,2.0,0.0,4.0,7.0,115.0,1.0,0.0,0.0,5.0,0.0,0.0,0.0,11.0,1.0,0.0,3.0,0.0,0.0,0.0,0.0,0.0,14.0,4.0,0.0,0.0,3.0,11.0,1.0,CA0309700
2020.0,29.0,148.0,1.0,0.0,0.0,3.0,2552.0,80.0,12.0,1.0,6.0,18.0,0.0,0.0,0.0,5.0,2.0,1.0,4.0,2.0,0.0,0.0,0.0,0.0,46.0,5.0,0.0,0.0,29.0,12.0,3.0,CA0309900
2020.0,257.0,1275.0,3.0,101.0,0.0,6.0,71.0,562.0,322.0,1.0,10.0,13.0,56.0,0.0,0.0,100.0,1.0,0.0,35.0,2.0,2.0,4.0,6.0,33.0,147.0,27.0,0.0,2.0,37.0,81.0,19.0,CA0310000
2020.0,11.0,65.0,0.0,5.0,0.0,1.0,50.0,45.0,33.0,1.0,0.0,0.0,0.0,0.0,0.0,4.0,2.0,0.0,1.0,0.0,4.0,2.0,2.0,3.0,26.0,3.0,0.0,3.0,4.0,3.0,7.0,CA0310100
2020.0,24.0,55.0,1.0,12.0,0.0,1.0,62.0,328.0,41.0,1.0,7.0,0.0,0.0,0.0,0.0,17.0,0.0,0.0,2.0,0.0,0.0,3.0,1.0,3.0,32.0,9.0,0.0,0.0,4.0,23.0,1.0,CA0310300
2020.0,54.0,63.0,2.0,49.0,0.0,1.0,63.0,260.0,39.0,1.0,1.0,3.0,0.0,0.0,0.0,36.0,0.0,0.0,18.0,1.0,0.0,0.0,2.0,10.0,44.0,14.0,0.0,0.0,10.0,19.0,7.0,CA0310400
2020.0,265.0,300.0,3.0,102.0,0.0,6.0,240.0,1257.0,212.0,5.0,18.0,18.0,0.0,0.0,0.0,119.0,4.0,0.0,30.0,1.0,0.0,11.0,3.0,47.0,216.0,48.0,0.0,6.0,35.0,100.0,23.0,CA0310500
2020.0,10.0,21.0,0.0,0.0,0.0,0.0,541.0,22.0,6.0,0.0,0.0,5.0,0.0,0.0,0.0,0.0,0.0,3.0,0.0,1.0,2.0,0.0,0.0,1.0,9.0,1.0,0.0,0.0,4.0,10.0,1.0,CA0319900
2020.0,59.0,166.0,1.0,6.0,0.0,3.0,12.0,161.0,43.0,1.0,2.0,1.0,0.0,0.0,0.0,13.0,6.0,0.0,1.0,1.0,1.0,0.0,0.0,0.0,48.0,6.0,0.0,0.0,9.0,11.0,4.0,CA0320000
2020.0,2.0,6.0,0.0,0.0,0.0,1.0,76.0,12.0,1.0,0.0,0.0,0.0,0.0,0.0,0.0,0.0,2.0,0.0,0.0,0.0,0.0,0.0,0.0,0.0,0.0,0.0,0.0,0.0,1.0,1.0,0.0,CA0329900
2020.0,597.0,629.0,12.0,117.0,0.0,17.0,69.0,961.0,396.0,5.0,9.0,18.0,0.0,0.0,0.0,72.0,1.0,0.0,87.0,17.0,3.0,127.0,25.0,43.0,328.0,175.0,0.0,2.0,92.0,134.0,32.0,CA0330000
2020.0,50.0,539.0,0.0,29.0,0.0,2.0,32.0,94.0,26.0,0.0,1.0,4.0,0.0,0.0,0.0,6.0,0.0,0.0,4.0,5.0,0.0,0.0,1.0,12.0,51.0,22.0,0.0,5.0,10.0,24.0,4.0,CA0330100
2020.0,56.0,219.0,0.0,33.0,0.0,1.0,38.0,175.0,10.0,0.0,5.0,1.0,0.0,0.0,0.0,13.0,0.0,0.0,3.0,0.0,1.0,0.0,0.0,2.0,40.0,28.0,0.0,0.0,12.0,17.0,4.0,CA0330200
2020.0,54.0,51.0,5.0,18.0,0.0,3.0,17.0,60.0,62.0,0.0,4.0,0.0,0.0,0.0,0.0,16.0,0.0,0.0,6.0,1.0,0.0,0.0,2.0,7.0,27.0,9.0,0.0,0.0,8.0,11.0,1.0,CA0330300
2020.0,78.0,84.0,0.0,10.0,0.0,1.0,93.0,211.0,95.0,0.0,2.0,0.0,0.0,0.0,0.0,17.0,0.0,0.0,5.0,1.0,0.0,0.0,1.0,12.0,61.0,10.0,0.0,0.0,20.0,32.0,7.0,CA0330500
2020.0,93.0,42.0,0.0,11.0,0.0,1.0,43.0,106.0,12.0,2.0,2.0,4.0,0.0,0.0,0.0,3.0,0.0,0.0,12.0,4.0,0.0,0.0,3.0,14.0,75.0,22.0,0.0,1.0,7.0,47.0,6.0,CA0330600
2020.0,160.0,615.0,0.0,28.0,0.0,20.0,59.0,242.0,471.0,1.0,1.0,2.0,0.0,0.0,0.0,53.0,5.0,0.0,5.0,7.0,0.0,0.0,5.0,27.0,83.0,201.0,0.0,12.0,19.0,58.0,8.0,CA0330800
2020.0,242.0,220.0,5.0,39.0,0.0,7.0,134.0,350.0,22.0,2.0,4.0,7.0,0.0,0.0,0.0,68.0,0.0,1.0,19.0,12.0,1.0,0.0,6.0,34.0,89.0,42.0,0.0,4.0,50.0,55.0,20.0,CA0330900
2020.0,38.0,44.0,0.0,26.0,0.0,1.0,40.0,116.0,30.0,0.0,7.0,3.0,0.0,0.0,0.0,24.0,0.0,0.0,2.0,0.0,0.0,0.0,0.0,11.0,18.0,23.0,0.0,0.0,11.0,7.0,2.0,CA0331000
2020.0,169.0,430.0,2.0,43.0,0.0,11.0,87.0,380.0,69.0,2.0,5.0,2.0,0.0,0.0,0.0,19.0,0.0,1.0,7.0,1.0,0.0,1.0,6.0,21.0,161.0,43.0,0.0,3.0,38.0,41.0,5.0,CA0331100
2020.0,133.0,134.0,1.0,14.0,2.0,2.0,111.0,268.0,146.0,1.0,3.0,4.0,0.0,0.0,0.0,16.0,0.0,1.0,27.0,3.0,0.0,0.0,4.0,21.0,63.0,34.0,0.0,1.0,27.0,33.0,7.0,CA0331200
2020.0,684.0,1934.0,16.0,144.0,0.0,16.0,428.0,1529.0,120.0,8.0,11.0,32.0,17.0,0.0,0.0,442.0,12.0,1.0,67.0,16.0,0.0,6.0,30.0,91.0,707.0,244.0,0.0,7.0,240.0,204.0,69.0,CA0331300
2020.0,158.0,118.0,1.0,22.0,1.0,8.0,114.0,224.0,107.0,0.0,14.0,14.0,0.0,0.0,0.0,23.0,0.0,0.0,22.0,1.0,0.0,0.0,5.0,17.0,88.0,51.0,0.0,0.0,16.0,44.0,14.0,CA0331400
2020.0,158.0,592.0,7.0,53.0,0.0,2.0,143.0,251.0,65.0,5.0,2.0,8.0,0.0,0.0,0.0,124.0,13.0,1.0,61.0,0.0,1.0,0.0,6.0,42.0,164.0,55.0,0.0,0.0,62.0,45.0,30.0,CA0331500
2020.0,12.0,7.0,0.0,3.0,0.0,0.0,14.0,4.0,16.0,0.0,0.0,2.0,0.0,0.0,0.0,2.0,0.0,0.0,0.0,1.0,0.0,0.0,0.0,1.0,3.0,0.0,0.0,0.0,0.0,0.0,0.0,CA0331600
2020.0,31.0,29.0,0.0,9.0,0.0,0.0,48.0,38.0,70.0,0.0,1.0,0.0,0.0,0.0,0.0,9.0,0.0,0.0,6.0,0.0,1.0,0.0,0.0,1.0,25.0,10.0,0.0,0.0,4.0,8.0,2.0,CA0331700
2020.0,92.0,67.0,1.0,29.0,1.0,0.0,92.0,111.0,135.0,2.0,3.0,1.0,0.0,0.0,0.0,57.0,1.0,0.0,13.0,2.0,0.0,0.0,2.0,16.0,56.0,8.0,0.0,0.0,20.0,11.0,9.0,CA0331800
2020.0,0.0,3.0,0.0,0.0,0.0,0.0,0.0,0.0,0.0,0.0,0.0,0.0,0.0,0.0,0.0,0.0,0.0,0.0,0.0,0.0,0.0,0.0,0.0,0.0,0.0,0.0,0.0,0.0,0.0,0.0,0.0,CA033210X
2020.0,83.0,126.0,0.0,22.0,0.0,3.0,76.0,243.0,61.0,3.0,1.0,0.0,0.0,0.0,0.0,4.0,2.0,0.0,11.0,5.0,1.0,0.0,1.0,10.0,74.0,16.0,0.0,0.0,22.0,30.0,2.0,CA0332500
2020.0,130.0,216.0,2.0,41.0,0.0,3.0,213.0,311.0,113.0,0.0,2.0,14.0,0.0,0.0,0.0,39.0,1.0,0.0,10.0,2.0,0.0,0.0,9.0,18.0,100.0,36.0,0.0,1.0,25.0,26.0,4.0,CA033300X
2020.0,45.0,50.0,0.0,24.0,0.0,1.0,111.0,180.0,58.0,3.0,1.0,1.0,0.0,0.0,0.0,40.0,0.0,0.0,4.0,1.0,0.0,0.0,0.0,4.0,39.0,8.0,0.0,0.0,10.0,19.0,4.0,CA033310X
2020.0,407.0,286.0,1.0,118.0,33.0,6.0,276.0,486.0,226.0,6.0,9.0,6.0,0.0,0.0,0.0,120.0,0.0,0.0,58.0,9.0,2.0,0.0,17.0,93.0,290.0,89.0,0.0,0.0,78.0,151.0,19.0,CA033320X
2020.0,142.0,103.0,0.0,48.0,0.0,8.0,265.0,763.0,321.0,1.0,5.0,11.0,0.0,0.0,0.0,89.0,2.0,0.0,17.0,0.0,1.0,59.0,7.0,25.0,98.0,39.0,0.0,8.0,31.0,33.0,12.0,CA033380X
2020.0,13.0,9.0,0.0,5.0,0.0,2.0,7.0,3.0,15.0,0.0,0.0,1.0,0.0,0.0,0.0,3.0,0.0,0.0,0.0,0.0,0.0,0.0,1.0,2.0,18.0,5.0,0.0,0.0,0.0,0.0,0.0,CA033400X
2020.0,13.0,1.0,0.0,2.0,0.0,0.0,17.0,13.0,19.0,0.0,0.0,0.0,0.0,0.0,0.0,1.0,0.0,0.0,1.0,0.0,0.0,0.0,1.0,1.0,12.0,2.0,0.0,0.0,1.0,2.0,0.0,CA033410X
2020.0,156.0,138.0,1.0,52.0,0.0,1.0,126.0,723.0,85.0,3.0,5.0,9.0,0.0,0.0,0.0,33.0,0.0,0.0,15.0,1.0,0.0,0.0,2.0,11.0,103.0,24.0,0.0,2.0,15.0,49.0,7.0,CA0334200
2020.0,0.0,59.0,1.0,4.0,0.0,0.0,0.0,7.0,0.0,0.0,0.0,0.0,0.0,0.0,0.0,0.0,2.0,0.0,2.0,0.0,0.0,0.0,0.0,0.0,2.0,2.0,0.0,0.0,0.0,5.0,0.0,CA0334400
2020.0,48.0,72.0,0.0,4.0,0.0,0.0,63.0,72.0,40.0,0.0,1.0,4.0,0.0,0.0,0.0,4.0,0.0,0.0,6.0,0.0,0.0,0.0,2.0,2.0,15.0,7.0,0.0,1.0,9.0,7.0,5.0,CA033770X
2020.0,46.0,16.0,0.0,40.0,0.0,0.0,31.0,42.0,43.0,2.0,2.0,5.0,0.0,0.0,0.0,15.0,0.0,0.0,1.0,0.0,0.0,0.0,3.0,7.0,26.0,9.0,0.0,0.0,5.0,8.0,2.0,CA033790X
2020.0,5.0,20.0,1.0,4.0,0.0,10.0,3.0,13.0,2.0,0.0,0.0,1.0,0.0,0.0,0.0,7.0,0.0,0.0,1.0,0.0,1.0,0.0,1.0,0.0,6.0,0.0,0.0,0.0,2.0,2.0,3.0,CA0339700
2020.0,22.0,97.0,1.0,1.0,0.0,1.0,2327.0,84.0,20.0,0.0,2.0,30.0,0.0,0.0,0.0,6.0,1.0,9.0,10.0,4.0,1.0,0.0,0.0,1.0,42.0,10.0,0.0,0.0,13.0,32.0,3.0,CA0339900
2020.0,225.0,192.0,7.0,42.0,0.0,2.0,255.0,389.0,198.0,5.0,28.0,6.0,0.0,0.0,0.0,16.0,1.0,2.0,22.0,3.0,2.0,0.0,5.0,21.0,97.0,76.0,0.0,0.0,22.0,96.0,15.0,CA033A000
2020.0,1137.0,1764.0,26.0,236.0,0.0,10.0,13.0,1107.0,85.0,13.0,30.0,41.0,0.0,0.0,0.0,170.0,2.0,0.0,236.0,38.0,19.0,10.0,9.0,164.0,642.0,205.0,0.0,8.0,181.0,242.0,73.0,CA0340000
2020.0,68.0,163.0,5.0,107.0,0.0,4.0,152.0,335.0,30.0,8.0,7.0,4.0,0.0,0.0,0.0,60.0,5.0,0.0,30.0,0.0,0.0,13.0,0.0,8.0,49.0,21.0,0.0,2.0,14.0,28.0,10.0,CA0340100
2020.0,50.0,188.0,1.0,14.0,0.0,5.0,61.0,159.0,0.0,0.0,0.0,4.0,0.0,0.0,0.0,12.0,0.0,0.0,0.0,0.0,0.0,0.0,2.0,3.0,36.0,13.0,0.0,0.0,16.0,18.0,3.0,CA0340200
2020.0,2.0,1.0,0.0,0.0,0.0,0.0,0.0,3.0,1.0,0.0,0.0,0.0,0.0,0.0,0.0,0.0,0.0,0.0,0.0,0.0,0.0,0.0,0.0,0.0,1.0,0.0,0.0,0.0,0.0,0.0,0.0,CA0340300
2020.0,2037.0,1608.0,88.0,484.0,0.0,38.0,645.0,2578.0,178.0,15.0,38.0,83.0,0.0,0.0,0.0,309.0,20.0,4.0,311.0,28.0,1.0,33.0,30.0,352.0,1344.0,330.0,0.0,4.0,328.0,886.0,153.0,CA0340400
2020.0,0.0,2.0,0.0,1.0,0.0,0.0,4.0,4.0,1.0,0.0,0.0,0.0,0.0,0.0,0.0,2.0,0.0,0.0,0.0,0.0,0.0,0.0,0.0,0.0,4.0,1.0,0.0,0.0,1.0,3.0,1.0,CA0340800
2020.0,195.0,318.0,5.0,43.0,0.0,8.0,122.0,251.0,0.0,0.0,13.0,9.0,0.0,0.0,0.0,42.0,0.0,0.0,16.0,2.0,0.0,0.0,3.0,38.0,117.0,28.0,0.0,0.0,25.0,51.0,15.0,CA0340H00
2020.0,5.0,36.0,2.0,10.0,0.0,5.0,0.0,39.0,0.0,0.0,1.0,0.0,0.0,0.0,0.0,0.0,2.0,0.0,2.0,0.0,0.0,0.0,0.0,0.0,13.0,3.0,0.0,1.0,2.0,16.0,0.0,CA0341400
2020.0,0.0,8.0,0.0,2.0,0.0,0.0,2.0,27.0,1.0,0.0,0.0,0.0,0.0,0.0,0.0,2.0,0.0,0.0,0.0,0.0,0.0,0.0,0.0,0.0,4.0,0.0,0.0,0.0,5.0,1.0,0.0,CA0342200
2020.0,0.0,4.0,0.0,1.0,0.0,0.0,0.0,0.0,0.0,0.0,0.0,0.0,0.0,0.0,0.0,0.0,0.0,0.0,0.0,0.0,0.0,0.0,0.0,0.0,0.0,0.0,0.0,0.0,0.0,0.0,0.0,CA0344800
2020.0,171.0,253.0,1.0,46.0,0.0,6.0,103.0,249.0,13.0,1.0,4.0,10.0,0.0,0.0,0.0,75.0,4.0,0.0,39.0,2.0,2.0,15.0,3.0,25.0,102.0,30.0,0.0,4.0,29.0,38.0,2.0,CA034550X
2020.0,250.0,212.0,6.0,80.0,0.0,5.0,243.0,398.0,23.0,4.0,8.0,10.0,0.0,0.0,0.0,63.0,1.0,0.0,15.0,1.0,1.0,1.0,3.0,25.0,137.0,73.0,0.0,3.0,39.0,49.0,12.0,CA0349600
2020.0,2.0,7.0,0.0,1.0,0.0,6.0,3.0,24.0,1.0,0.0,0.0,0.0,0.0,0.0,0.0,2.0,0.0,0.0,0.0,0.0,0.0,0.0,0.0,0.0,18.0,3.0,0.0,0.0,2.0,1.0,3.0,CA0349700
2020.0,47.0,353.0,7.0,2.0,0.0,16.0,2027.0,150.0,20.0,3.0,2.0,56.0,0.0,0.0,0.0,8.0,2.0,4.0,10.0,1.0,1.0,0.0,0.0,1.0,62.0,3.0,0.0,1.0,28.0,38.0,2.0,CA0349900
2020.0,28.0,120.0,2.0,2.0,0.0,0.0,6.0,74.0,6.0,0.0,0.0,1.0,0.0,0.0,0.0,1.0,4.0,1.0,0.0,0.0,0.0,0.0,1.0,0.0,38.0,8.0,0.0,0.0,5.0,15.0,4.0,CA0350000
2020.0,92.0,161.0,3.0,31.0,0.0,9.0,108.0,150.0,59.0,2.0,4.0,5.0,0.0,0.0,0.0,9.0,0.0,0.0,2.0,1.0,1.0,0.0,3.0,10.0,113.0,6.0,0.0,1.0,20.0,11.0,10.0,CA0350100
2020.0,0.0,1.0,0.0,0.0,0.0,0.0,84.0,3.0,1.0,0.0,0.0,3.0,0.0,0.0,0.0,0.0,0.0,1.0,0.0,0.0,0.0,0.0,0.0,0.0,0.0,2.0,0.0,0.0,0.0,0.0,0.0,CA0359900
2020.0,1167.0,880.0,30.0,418.0,0.0,21.0,367.0,1198.0,249.0,14.0,37.0,127.0,3.0,0.0,0.0,289.0,0.0,14.0,302.0,41.0,2.0,94.0,45.0,169.0,691.0,332.0,0.0,6.0,166.0,423.0,130.0,CA0360000
2020.0,261.0,125.0,6.0,134.0,0.0,6.0,55.0,162.0,109.0,6.0,4.0,10.0,0.0,0.0,0.0,10.0,0.0,0.0,40.0,1.0,0.0,0.0,2.0,28.0,100.0,89.0,0.0,1.0,37.0,49.0,12.0,CA0360100
2020.0,260.0,462.0,5.0,131.0,0.0,3.0,178.0,893.0,53.0,5.0,13.0,30.0,0.0,0.0,0.0,139.0,0.0,0.0,60.0,5.0,2.0,0.0,11.0,35.0,218.0,99.0,0.0,9.0,47.0,69.0,32.0,CA0360200
2020.0,71.0,495.0,2.0,30.0,0.0,2.0,73.0,431.0,27.0,1.0,0.0,2.0,0.0,0.0,0.0,28.0,0.0,0.0,30.0,3.0,1.0,0.0,3.0,21.0,94.0,19.0,0.0,4.0,46.0,49.0,10.0,CA0360300
2020.0,436.0,481.0,7.0,100.0,0.0,4.0,237.0,1010.0,315.0,7.0,7.0,35.0,0.0,0.0,0.0,266.0,6.0,0.0,92.0,7.0,1.0,0.0,28.0,83.0,380.0,205.0,0.0,7.0,62.0,170.0,61.0,CA0360400
2020.0,114.0,111.0,7.0,88.0,0.0,0.0,124.0,329.0,54.0,1.0,4.0,3.0,0.0,0.0,0.0,119.0,1.0,2.0,24.0,9.0,0.0,1.0,5.0,32.0,79.0,8.0,0.0,11.0,31.0,41.0,21.0,CA0360500
2020.0,65.0,39.0,2.0,16.0,0.0,0.0,18.0,50.0,19.0,1.0,4.0,3.0,0.0,0.0,0.0,7.0,0.0,0.0,20.0,0.0,1.0,0.0,1.0,3.0,38.0,8.0,0.0,1.0,18.0,25.0,4.0,CA0360600
2020.0,581.0,1062.0,13.0,103.0,0.0,6.0,234.0,1444.0,166.0,3.0,20.0,20.0,3.0,0.0,0.0,159.0,4.0,0.0,22.0,9.0,0.0,5.0,15.0,72.0,269.0,165.0,0.0,5.0,68.0,141.0,47.0,CA0360700
2020.0,139.0,139.0,2.0,48.0,0.0,2.0,158.0,687.0,20.0,3.0,4.0,9.0,0.0,0.0,0.0,47.0,20.0,0.0,29.0,2.0,2.0,0.0,7.0,37.0,149.0,34.0,0.0,1.0,29.0,57.0,10.0,CA0360800
2020.0,315.0,281.0,5.0,146.0,0.0,3.0,326.0,936.0,47.0,8.0,5.0,10.0,0.0,0.0,0.0,90.0,1.0,0.0,72.0,1.0,3.0,0.0,10.0,47.0,227.0,42.0,0.0,2.0,74.0,97.0,38.0,CA0360900
2020.0,955.0,1878.0,30.0,185.0,0.0,7.0,446.0,1078.0,214.0,5.0,1.0,10.0,27.0,0.0,0.0,90.0,18.0,5.0,72.0,32.0,0.0,307.0,22.0,165.0,812.0,158.0,0.0,3.0,145.0,397.0,49.0,CA0361000
2020.0,182.0,174.0,4.0,46.0,0.0,4.0,74.0,448.0,10.0,0.0,7.0,11.0,3.0,0.0,0.0,76.0,0.0,2.0,59.0,0.0,0.0,4.0,4.0,52.0,179.0,17.0,0.0,17.0,14.0,45.0,4.0,CA0361100
2020.0,441.0,282.0,11.0,168.0,0.0,9.0,142.0,245.0,136.0,6.0,7.0,16.0,1.0,0.0,0.0,59.0,0.0,3.0,86.0,5.0,1.0,0.0,15.0,93.0,309.0,132.0,0.0,4.0,102.0,175.0,52.0,CA0361200
2020.0,104.0,46.0,3.0,24.0,0.0,1.0,27.0,83.0,38.0,1.0,3.0,2.0,0.0,0.0,0.0,4.0,0.0,1.0,7.0,3.0,2.0,1.0,0.0,5.0,93.0,7.0,0.0,1.0,18.0,29.0,5.0,CA0361300
2020.0,267.0,390.0,4.0,408.0,0.0,16.0,238.0,481.0,261.0,10.0,17.0,37.0,0.0,0.0,0.0,110.0,1.0,2.0,27.0,0.0,6.0,1.0,13.0,46.0,318.0,135.0,0.0,64.0,73.0,51.0,49.0,CA0361600
2020.0,38.0,26.0,1.0,12.0,0.0,1.0,31.0,42.0,31.0,0.0,1.0,0.0,0.0,0.0,0.0,9.0,0.0,0.0,3.0,0.0,1.0,0.0,0.0,1.0,36.0,12.0,0.0,0.0,7.0,6.0,8.0,CA036200X
2020.0,27.0,25.0,1.0,14.0,0.0,0.0,8.0,59.0,13.0,0.0,0.0,2.0,0.0,0.0,0.0,10.0,0.0,0.0,2.0,0.0,0.0,0.0,0.0,1.0,34.0,22.0,0.0,2.0,7.0,14.0,2.0,CA036210X
2020.0,40.0,74.0,3.0,19.0,0.0,1.0,22.0,131.0,26.0,1.0,4.0,7.0,0.0,0.0,0.0,23.0,1.0,0.0,12.0,0.0,0.0,1.0,2.0,7.0,47.0,18.0,0.0,2.0,6.0,22.0,10.0,CA036220X
2020.0,5.0,200.0,1.0,26.0,0.0,4.0,9.0,73.0,1.0,0.0,0.0,0.0,0.0,0.0,0.0,4.0,3.0,0.0,5.0,0.0,0.0,0.0,0.0,2.0,28.0,0.0,0.0,0.0,15.0,13.0,4.0,CA0362300
2020.0,182.0,140.0,9.0,50.0,0.0,3.0,75.0,145.0,37.0,0.0,3.0,2.0,2.0,0.0,0.0,27.0,0.0,1.0,13.0,2.0,0.0,0.0,6.0,28.0,146.0,102.0,0.0,2.0,25.0,55.0,9.0,CA036300X
2020.0,86.0,36.0,3.0,20.0,0.0,0.0,28.0,55.0,19.0,2.0,2.0,3.0,0.0,0.0,0.0,15.0,0.0,0.0,3.0,0.0,1.0,0.0,3.0,4.0,55.0,9.0,0.0,1.0,10.0,15.0,13.0,CA036310X
2020.0,254.0,162.0,5.0,57.0,0.0,8.0,145.0,272.0,114.0,5.0,3.0,15.0,2.0,0.0,0.0,52.0,0.0,0.0,28.0,3.0,9.0,0.0,10.0,29.0,202.0,123.0,0.0,2.0,50.0,67.0,17.0,CA036320X
2020.0,241.0,235.0,7.0,96.0,0.0,13.0,72.0,291.0,154.0,2.0,8.0,12.0,1.0,0.0,0.0,38.0,0.0,0.0,19.0,4.0,3.0,1.0,4.0,24.0,169.0,38.0,0.0,8.0,50.0,86.0,27.0,CA036330X
2020.0,86.0,108.0,2.0,35.0,0.0,6.0,41.0,104.0,30.0,1.0,5.0,3.0,0.0,0.0,0.0,32.0,0.0,0.0,10.0,1.0,0.0,0.0,3.0,13.0,89.0,49.0,0.0,3.0,29.0,31.0,12.0,CA036350X
2020.0,65.0,60.0,0.0,39.0,0.0,2.0,36.0,159.0,51.0,1.0,8.0,7.0,0.0,0.0,0.0,34.0,0.0,0.0,5.0,0.0,0.0,0.0,1.0,6.0,63.0,72.0,0.0,5.0,14.0,17.0,14.0,CA036400X
2020.0,102.0,47.0,5.0,37.0,0.0,4.0,19.0,126.0,11.0,0.0,7.0,4.0,0.0,0.0,0.0,22.0,3.0,0.0,7.0,0.0,2.0,0.0,1.0,7.0,59.0,20.0,0.0,0.0,9.0,35.0,6.0,CA036410X
2020.0,14.0,42.0,2.0,11.0,0.0,0.0,0.0,7.0,4.0,0.0,0.0,0.0,0.0,0.0,0.0,2.0,3.0,0.0,0.0,0.0,0.0,0.0,0.0,1.0,27.0,0.0,0.0,0.0,5.0,8.0,4.0,CA0365000
2020.0,0.0,1.0,0.0,3.0,0.0,0.0,0.0,0.0,0.0,0.0,0.0,0.0,0.0,0.0,0.0,1.0,0.0,0.0,0.0,0.0,0.0,0.0,0.0,0.0,0.0,2.0,0.0,0.0,0.0,0.0,0.0,CA0365400
2020.0,1.0,70.0,0.0,0.0,0.0,0.0,6.0,1.0,2.0,0.0,0.0,0.0,0.0,0.0,0.0,0.0,0.0,0.0,0.0,0.0,0.0,0.0,0.0,0.0,3.0,0.0,0.0,0.0,0.0,0.0,0.0,CA036590X
2020.0,45.0,403.0,0.0,4.0,0.0,6.0,2529.0,178.0,29.0,1.0,2.0,59.0,0.0,0.0,0.0,5.0,4.0,10.0,14.0,5.0,1.0,0.0,0.0,2.0,94.0,17.0,0.0,0.0,28.0,37.0,4.0,CA0369900
2020.0,1351.0,1483.0,9.0,197.0,10.0,18.0,60.0,2839.0,543.0,22.0,29.0,58.0,0.0,0.0,0.0,335.0,9.0,0.0,306.0,7.0,0.0,8.0,15.0,112.0,814.0,116.0,0.0,2.0,161.0,269.0,84.0,CA0370000
2020.0,187.0,118.0,2.0,32.0,0.0,2.0,283.0,535.0,268.0,5.0,8.0,4.0,0.0,0.0,0.0,80.0,3.0,0.0,34.0,6.0,0.0,0.0,4.0,13.0,108.0,67.0,0.0,5.0,13.0,20.0,4.0,CA0370100
2020.0,510.0,378.0,11.0,81.0,10.0,4.0,241.0,856.0,80.0,1.0,6.0,17.0,0.0,0.0,0.0,149.0,9.0,0.0,62.0,5.0,0.0,12.0,1.0,86.0,281.0,51.0,0.0,0.0,86.0,88.0,18.0,CA0370200
2020.0,22.0,32.0,0.0,9.0,0.0,0.0,47.0,77.0,38.0,0.0,2.0,4.0,0.0,0.0,0.0,23.0,1.0,0.0,2.0,0.0,0.0,0.0,0.0,5.0,16.0,8.0,0.0,1.0,5.0,5.0,1.0,CA0370300
2020.0,5.0,3.0,0.0,2.0,0.0,0.0,9.0,14.0,7.0,0.0,0.0,0.0,0.0,0.0,0.0,4.0,0.0,0.0,0.0,0.0,0.0,0.0,0.0,0.0,8.0,1.0,0.0,0.0,0.0,2.0,0.0,CA0370400
2020.0,405.0,580.0,15.0,51.0,0.0,3.0,160.0,1469.0,476.0,2.0,1.0,12.0,0.0,0.0,0.0,239.0,1.0,0.0,48.0,0.0,0.0,0.0,2.0,41.0,191.0,22.0,0.0,163.0,51.0,98.0,23.0,CA0370500
2020.0,493.0,467.0,6.0,62.0,0.0,4.0,512.0,1347.0,437.0,1.0,10.0,8.0,0.0,0.0,0.0,254.0,7.0,0.0,106.0,5.0,1.0,0.0,6.0,56.0,309.0,44.0,0.0,0.0,81.0,147.0,33.0,CA0370600
2020.0,71.0,113.0,0.0,10.0,0.0,1.0,48.0,234.0,106.0,0.0,1.0,2.0,0.0,0.0,0.0,9.0,1.0,0.0,12.0,1.0,0.0,0.0,0.0,9.0,74.0,2.0,0.0,0.0,18.0,22.0,5.0,CA0370700
2020.0,118.0,98.0,1.0,49.0,5.0,1.0,85.0,273.0,141.0,1.0,3.0,4.0,0.0,0.0,0.0,41.0,0.0,0.0,13.0,1.0,0.0,0.0,0.0,27.0,119.0,21.0,0.0,17.0,24.0,22.0,3.0,CA0370800
2020.0,225.0,103.0,0.0,20.0,0.0,0.0,151.0,280.0,231.0,0.0,1.0,10.0,0.0,0.0,0.0,82.0,1.0,0.0,44.0,4.0,0.0,28.0,2.0,45.0,96.0,14.0,0.0,5.0,29.0,51.0,15.0,CA0370900
2020.0,518.0,352.0,19.0,49.0,0.0,1.0,270.0,2059.0,493.0,1.0,5.0,6.0,0.0,0.0,0.0,296.0,8.0,1.0,31.0,4.0,0.0,1.0,2.0,54.0,293.0,48.0,0.0,87.0,68.0,131.0,38.0,CA0371000
2020.0,2442.0,6473.0,67.0,451.0,140.0,179.0,1325.0,6801.0,2537.0,10.0,39.0,49.0,2.0,0.0,0.0,996.0,194.0,2.0,376.0,56.0,2.0,104.0,44.0,363.0,2112.0,210.0,0.0,760.0,592.0,678.0,129.0,CA0371100
2020.0,165.0,122.0,4.0,15.0,0.0,3.0,136.0,426.0,84.0,1.0,0.0,3.0,0.0,0.0,0.0,55.0,11.0,0.0,21.0,1.0,0.0,1.0,3.0,11.0,142.0,9.0,0.0,0.0,28.0,52.0,4.0,CA0371200
2020.0,288.0,321.0,6.0,43.0,5.0,0.0,216.0,564.0,214.0,2.0,8.0,7.0,0.0,0.0,0.0,97.0,4.0,0.0,26.0,2.0,0.0,18.0,0.0,33.0,171.0,16.0,0.0,1.0,37.0,50.0,5.0,CA0371300
2020.0,6.0,28.0,1.0,13.0,0.0,11.0,19.0,82.0,19.0,0.0,0.0,0.0,0.0,0.0,0.0,18.0,1.0,0.0,3.0,0.0,0.0,0.0,0.0,1.0,10.0,3.0,0.0,2.0,4.0,11.0,5.0,CA0371400
2020.0,28.0,414.0,0.0,3.0,0.0,4.0,58.0,4.0,125.0,0.0,5.0,31.0,0.0,0.0,0.0,6.0,1.0,1.0,0.0,4.0,0.0,0.0,0.0,0.0,35.0,0.0,0.0,1.0,1.0,28.0,11.0,CA0371500
2020.0,6.0,19.0,0.0,5.0,0.0,0.0,3.0,146.0,10.0,0.0,0.0,3.0,0.0,0.0,0.0,6.0,12.0,0.0,1.0,0.0,0.0,0.0,0.0,0.0,15.0,1.0,0.0,0.0,2.0,5.0,2.0,CA0372500
2020.0,3.0,10.0,0.0,1.0,0.0,11.0,3.0,26.0,5.0,0.0,0.0,1.0,0.0,0.0,0.0,2.0,1.0,0.0,3.0,0.0,0.0,0.0,0.0,1.0,9.0,2.0,0.0,1.0,2.0,7.0,1.0,CA0379700
2020.0,54.0,116.0,2.0,0.0,0.0,4.0,2988.0,86.0,37.0,0.0,3.0,51.0,0.0,0.0,0.0,9.0,0.0,7.0,5.0,1.0,1.0,0.0,0.0,0.0,53.0,10.0,0.0,0.0,10.0,18.0,5.0,CA0379900
2020.0,82.0,80.0,1.0,11.0,0.0,0.0,33.0,207.0,52.0,1.0,0.0,2.0,0.0,0.0,0.0,71.0,0.0,0.0,25.0,1.0,0.0,0.0,2.0,15.0,68.0,8.0,0.0,0.0,14.0,10.0,4.0,CA037A100
2020.0,140.0,122.0,4.0,13.0,2.0,1.0,73.0,384.0,100.0,1.0,2.0,6.0,0.0,0.0,0.0,88.0,0.0,0.0,4.0,1.0,0.0,0.0,1.0,11.0,99.0,6.0,0.0,1.0,15.0,19.0,4.0,CA037A200
2020.0,48.0,61.0,1.0,10.0,0.0,2.0,51.0,91.0,97.0,1.0,0.0,5.0,0.0,0.0,0.0,29.0,4.0,0.0,5.0,0.0,0.0,13.0,1.0,8.0,54.0,1.0,0.0,2.0,14.0,11.0,0.0,CA037A300
2020.0,96.0,111.0,1.0,19.0,2.0,1.0,121.0,225.0,170.0,1.0,3.0,5.0,0.0,0.0,0.0,69.0,0.0,0.0,1.0,0.0,0.0,35.0,0.0,14.0,73.0,11.0,0.0,0.0,10.0,22.0,1.0,CA037A400
2020.0,12.0,16.0,0.0,2.0,0.0,0.0,18.0,11.0,17.0,0.0,0.0,1.0,0.0,0.0,0.0,4.0,0.0,0.0,0.0,0.0,0.0,0.0,0.0,1.0,15.0,1.0,0.0,0.0,2.0,2.0,1.0,CA037A500
2020.0,1132.0,4272.0,48.0,436.0,0.0,104.0,214.0,646.0,130.0,2.0,22.0,15.0,0.0,0.0,0.0,256.0,12.0,2.0,316.0,34.0,0.0,31.0,21.0,249.0,1111.0,125.0,0.0,46.0,410.0,220.0,57.0,CA0380100
2020.0,1.0,6.0,0.0,6.0,0.0,0.0,0.0,0.0,1.0,0.0,0.0,0.0,0.0,0.0,0.0,0.0,0.0,0.0,0.0,0.0,0.0,0.0,0.0,1.0,3.0,1.0,0.0,0.0,1.0,0.0,0.0,CA0380300
2020.0,5.0,65.0,0.0,0.0,0.0,3.0,0.0,66.0,2.0,0.0,0.0,0.0,0.0,0.0,0.0,5.0,0.0,0.0,0.0,0.0,0.0,0.0,0.0,18.0,51.0,0.0,0.0,0.0,4.0,3.0,8.0,CA0380500
2020.0,7.0,37.0,1.0,13.0,0.0,3.0,3.0,5.0,1.0,0.0,0.0,1.0,0.0,0.0,0.0,7.0,0.0,0.0,6.0,1.0,0.0,0.0,0.0,1.0,21.0,4.0,0.0,0.0,7.0,3.0,3.0,CA0389700
2020.0,5.0,51.0,0.0,0.0,0.0,1.0,471.0,26.0,4.0,0.0,0.0,14.0,0.0,0.0,0.0,2.0,0.0,0.0,1.0,1.0,0.0,1.0,0.0,0.0,19.0,5.0,0.0,3.0,7.0,19.0,0.0,CA0389900
2020.0,591.0,1047.0,11.0,153.0,0.0,12.0,118.0,418.0,174.0,1.0,10.0,3.0,23.0,0.0,0.0,35.0,2.0,2.0,28.0,7.0,0.0,31.0,15.0,73.0,490.0,137.0,0.0,2.0,85.0,119.0,61.0,CA0390000
2020.0,15.0,52.0,0.0,6.0,0.0,0.0,20.0,35.0,6.0,0.0,0.0,4.0,0.0,0.0,0.0,8.0,0.0,0.0,1.0,0.0,0.0,0.0,0.0,1.0,19.0,4.0,0.0,0.0,0.0,4.0,2.0,CA0390100
2020.0,219.0,807.0,6.0,43.0,0.0,14.0,113.0,533.0,272.0,2.0,6.0,9.0,0.0,0.0,0.0,66.0,8.0,0.0,21.0,2.0,0.0,2.0,2.0,50.0,192.0,38.0,0.0,0.0,62.0,82.0,19.0,CA0390200
2020.0,138.0,275.0,2.0,88.0,0.0,0.0,126.0,193.0,96.0,1.0,3.0,6.0,0.0,0.0,0.0,62.0,1.0,1.0,35.0,2.0,1.0,0.0,8.0,34.0,113.0,29.0,0.0,1.0,30.0,58.0,14.0,CA0390300
2020.0,17.0,99.0,0.0,14.0,0.0,4.0,30.0,171.0,21.0,0.0,1.0,2.0,0.0,0.0,0.0,18.0,2.0,0.0,5.0,0.0,0.0,0.0,0.0,0.0,41.0,16.0,0.0,0.0,11.0,12.0,6.0,CA0390400
2020.0,1222.0,1354.0,26.0,119.0,0.0,6.0,443.0,246.0,292.0,4.0,15.0,13.0,1.0,0.0,0.0,143.0,8.0,0.0,30.0,23.0,1.0,24.0,30.0,261.0,748.0,202.0,0.0,1.0,211.0,558.0,110.0,CA0390500
2020.0,130.0,191.0,2.0,45.0,0.0,8.0,81.0,84.0,100.0,1.0,2.0,7.0,0.0,0.0,0.0,18.0,0.0,0.0,10.0,7.0,0.0,0.0,1.0,16.0,125.0,14.0,0.0,3.0,21.0,17.0,8.0,CA0390600
2020.0,6.0,21.0,0.0,16.0,0.0,2.0,1.0,23.0,0.0,0.0,0.0,0.0,0.0,0.0,0.0,3.0,0.0,0.0,1.0,0.0,0.0,0.0,0.0,3.0,21.0,0.0,0.0,0.0,0.0,8.0,1.0,CA0391500
2020.0,0.0,5.0,0.0,0.0,0.0,0.0,0.0,0.0,0.0,0.0,0.0,0.0,0.0,0.0,0.0,0.0,0.0,0.0,0.0,0.0,0.0,0.0,0.0,0.0,0.0,0.0,0.0,0.0,0.0,0.0,0.0,CA0392100
2020.0,18.0,371.0,0.0,1.0,0.0,0.0,1475.0,176.0,15.0,0.0,0.0,40.0,0.0,0.0,0.0,7.0,2.0,6.0,10.0,3.0,0.0,0.0,0.0,3.0,39.0,7.0,0.0,0.0,18.0,37.0,1.0,CA0399900
2020.0,193.0,331.0,0.0,16.0,0.0,3.0,7.0,502.0,128.0,0.0,0.0,8.0,0.0,0.0,0.0,12.0,9.0,0.0,10.0,1.0,0.0,0.0,3.0,1.0,125.0,14.0,0.0,3.0,27.0,48.0,9.0,CA0400000
2020.0,24.0,75.0,2.0,6.0,0.0,0.0,72.0,112.0,26.0,0.0,6.0,1.0,0.0,0.0,0.0,13.0,3.0,0.0,1.0,0.0,0.0,0.0,1.0,2.0,18.0,3.0,0.0,9.0,6.0,13.0,8.0,CA0400100
2020.0,20.0,85.0,1.0,2.0,0.0,1.0,38.0,104.0,21.0,0.0,7.0,1.0,1.0,0.0,0.0,2.0,1.0,0.0,1.0,2.0,0.0,1.0,0.0,3.0,19.0,6.0,0.0,4.0,9.0,5.0,0.0,CA0400200
2020.0,48.0,111.0,0.0,16.0,0.0,5.0,61.0,185.0,77.0,0.0,4.0,4.0,0.0,0.0,0.0,7.0,4.0,0.0,1.0,1.0,0.0,0.0,0.0,3.0,20.0,3.0,0.0,2.0,6.0,6.0,4.0,CA0400300
2020.0,67.0,314.0,3.0,29.0,0.0,1.0,248.0,322.0,72.0,0.0,5.0,6.0,0.0,0.0,0.0,21.0,3.0,0.0,10.0,2.0,0.0,0.0,2.0,1.0,61.0,5.0,0.0,1.0,7.0,21.0,9.0,CA0400400
2020.0,32.0,385.0,1.0,2.0,0.0,0.0,165.0,264.0,107.0,0.0,75.0,8.0,0.0,0.0,0.0,16.0,4.0,0.0,7.0,0.0,0.0,0.0,0.0,0.0,26.0,18.0,0.0,4.0,15.0,17.0,1.0,CA0400500
2020.0,111.0,355.0,2.0,59.0,0.0,11.0,102.0,283.0,192.0,3.0,5.0,7.0,0.0,0.0,0.0,45.0,23.0,0.0,8.0,2.0,0.0,1.0,5.0,12.0,118.0,24.0,0.0,3.0,47.0,23.0,11.0,CA0400600
2020.0,1.0,9.0,0.0,0.0,0.0,4.0,0.0,15.0,19.0,0.0,0.0,1.0,0.0,0.0,0.0,2.0,3.0,0.0,1.0,0.0,0.0,0.0,0.0,0.0,2.0,1.0,0.0,1.0,0.0,2.0,0.0,CA0400700
2020.0,45.0,208.0,0.0,7.0,0.0,1.0,118.0,293.0,60.0,0.0,1.0,5.0,0.0,0.0,0.0,20.0,0.0,0.0,8.0,0.0,0.0,0.0,0.0,6.0,45.0,6.0,0.0,8.0,10.0,11.0,4.0,CA0400800
2020.0,0.0,3.0,0.0,1.0,0.0,0.0,1.0,2.0,2.0,0.0,0.0,1.0,0.0,0.0,0.0,0.0,0.0,0.0,0.0,0.0,0.0,0.0,0.0,0.0,0.0,0.0,0.0,1.0,3.0,0.0,1.0,CA0401300
2020.0,4.0,26.0,0.0,0.0,0.0,1.0,45.0,56.0,6.0,0.0,0.0,1.0,0.0,0.0,0.0,0.0,3.0,0.0,2.0,0.0,1.0,0.0,0.0,0.0,10.0,5.0,0.0,1.0,1.0,6.0,2.0,CA0401400
2020.0,26.0,4.0,0.0,0.0,0.0,0.0,0.0,1.0,0.0,0.0,0.0,1.0,0.0,0.0,0.0,1.0,0.0,0.0,0.0,0.0,0.0,0.0,8.0,0.0,461.0,0.0,0.0,0.0,12.0,1.0,38.0,CA040160X
2020.0,0.0,0.0,0.0,1.0,0.0,0.0,0.0,0.0,0.0,0.0,0.0,0.0,0.0,0.0,0.0,0.0,0.0,0.0,0.0,0.0,0.0,0.0,0.0,0.0,1.0,0.0,0.0,0.0,0.0,0.0,0.0,CA0401900
2020.0,2.0,16.0,0.0,0.0,0.0,0.0,433.0,8.0,7.0,0.0,0.0,11.0,0.0,0.0,0.0,0.0,0.0,0.0,2.0,0.0,0.0,0.0,0.0,0.0,7.0,2.0,0.0,0.0,6.0,5.0,0.0,CA0409900
2020.0,156.0,567.0,4.0,169.0,0.0,1.0,113.0,463.0,154.0,0.0,3.0,7.0,0.0,0.0,0.0,33.0,4.0,0.0,21.0,1.0,0.0,11.0,6.0,23.0,141.0,25.0,0.0,4.0,18.0,35.0,21.0,CA0410000
2020.0,3.0,9.0,0.0,3.0,0.0,0.0,15.0,28.0,0.0,0.0,2.0,2.0,0.0,0.0,0.0,1.0,0.0,0.0,1.0,0.0,0.0,0.0,0.0,2.0,0.0,1.0,0.0,0.0,0.0,1.0,0.0,CA0410100
2020.0,18.0,23.0,0.0,12.0,0.0,0.0,16.0,83.0,23.0,0.0,1.0,0.0,0.0,0.0,0.0,17.0,1.0,0.0,3.0,0.0,0.0,0.0,2.0,4.0,10.0,5.0,0.0,0.0,5.0,1.0,5.0,CA0410200
2020.0,4.0,37.0,1.0,0.0,0.0,0.0,16.0,152.0,3.0,0.0,0.0,2.0,0.0,0.0,0.0,2.0,2.0,0.0,4.0,0.0,0.0,0.0,1.0,1.0,10.0,2.0,0.0,1.0,5.0,4.0,3.0,CA0410300
2020.0,42.0,123.0,1.0,25.0,0.0,1.0,46.0,108.0,76.0,0.0,1.0,3.0,0.0,0.0,0.0,34.0,0.0,0.0,0.0,0.0,0.0,0.0,0.0,9.0,54.0,31.0,0.0,0.0,5.0,3.0,3.0,CA0410400
2020.0,6.0,32.0,0.0,20.0,0.0,0.0,20.0,95.0,8.0,2.0,0.0,2.0,0.0,0.0,0.0,43.0,0.0,0.0,4.0,0.0,0.0,0.0,0.0,7.0,14.0,10.0,0.0,1.0,4.0,5.0,3.0,CA0410500
2020.0,161.0,169.0,5.0,79.0,0.0,1.0,43.0,348.0,44.0,2.0,6.0,4.0,0.0,0.0,0.0,33.0,0.0,0.0,19.0,0.0,0.0,1.0,3.0,43.0,104.0,26.0,0.0,2.0,15.0,44.0,32.0,CA0410600
2020.0,2.0,16.0,0.0,0.0,0.0,0.0,5.0,12.0,1.0,1.0,2.0,1.0,0.0,0.0,0.0,0.0,0.0,0.0,0.0,0.0,0.0,0.0,0.0,0.0,1.0,0.0,0.0,0.0,0.0,0.0,0.0,CA0410800
2020.0,24.0,102.0,3.0,14.0,0.0,0.0,31.0,144.0,46.0,0.0,2.0,1.0,0.0,0.0,0.0,16.0,24.0,0.0,7.0,1.0,0.0,0.0,0.0,8.0,24.0,32.0,0.0,5.0,10.0,17.0,6.0,CA0410900
2020.0,56.0,91.0,1.0,13.0,0.0,0.0,67.0,122.0,85.0,0.0,1.0,3.0,0.0,0.0,0.0,6.0,5.0,0.0,6.0,0.0,0.0,0.0,0.0,4.0,41.0,8.0,0.0,0.0,6.0,15.0,1.0,CA0411100
2020.0,135.0,203.0,2.0,63.0,0.0,0.0,68.0,234.0,128.0,0.0,2.0,2.0,0.0,0.0,0.0,28.0,2.0,0.0,10.0,0.0,0.0,0.0,5.0,19.0,116.0,19.0,0.0,0.0,20.0,24.0,24.0,CA0411300
2020.0,64.0,211.0,1.0,10.0,0.0,1.0,86.0,181.0,10.0,0.0,4.0,8.0,0.0,0.0,0.0,86.0,2.0,0.0,7.0,0.0,0.0,0.0,4.0,10.0,57.0,16.0,0.0,1.0,14.0,18.0,9.0,CA0411400
2020.0,107.0,293.0,1.0,86.0,0.0,2.0,163.0,425.0,194.0,1.0,2.0,7.0,0.0,0.0,0.0,53.0,20.0,1.0,13.0,4.0,1.0,1.0,4.0,29.0,179.0,19.0,0.0,0.0,23.0,30.0,23.0,CA0411600
2020.0,117.0,192.0,0.0,79.0,0.0,3.0,109.0,274.0,110.0,3.0,3.0,11.0,0.0,0.0,0.0,18.0,0.0,0.0,12.0,0.0,0.0,5.0,4.0,25.0,61.0,20.0,0.0,2.0,29.0,37.0,10.0,CA0411700
2020.0,7.0,10.0,1.0,1.0,0.0,1.0,17.0,30.0,7.0,0.0,2.0,1.0,0.0,0.0,0.0,2.0,0.0,0.0,2.0,0.0,0.0,0.0,0.0,1.0,12.0,1.0,0.0,0.0,1.0,3.0,0.0,CA0411900
2020.0,36.0,22.0,0.0,11.0,0.0,0.0,26.0,47.0,5.0,0.0,1.0,3.0,0.0,0.0,0.0,2.0,2.0,0.0,2.0,0.0,0.0,2.0,2.0,3.0,18.0,0.0,0.0,1.0,2.0,7.0,5.0,CA0412000
2020.0,5.0,34.0,0.0,1.0,0.0,0.0,0.0,40.0,2.0,0.0,0.0,0.0,0.0,0.0,0.0,1.0,0.0,0.0,0.0,0.0,0.0,0.0,0.0,2.0,17.0,1.0,0.0,0.0,3.0,3.0,5.0,CA0412300
2020.0,84.0,77.0,0.0,42.0,0.0,0.0,31.0,58.0,6.0,1.0,1.0,1.0,0.0,0.0,0.0,5.0,1.0,0.0,6.0,1.0,0.0,0.0,1.0,4.0,44.0,5.0,0.0,0.0,7.0,6.0,7.0,CA0412700
2020.0,9.0,44.0,0.0,0.0,0.0,0.0,608.0,21.0,6.0,0.0,0.0,11.0,0.0,0.0,0.0,0.0,0.0,0.0,4.0,0.0,0.0,0.0,0.0,0.0,11.0,3.0,0.0,3.0,0.0,15.0,0.0,CA0419900
2020.0,200.0,363.0,4.0,87.0,0.0,18.0,116.0,985.0,134.0,1.0,20.0,16.0,0.0,0.0,0.0,49.0,431.0,0.0,40.0,3.0,2.0,14.0,8.0,26.0,173.0,30.0,0.0,14.0,57.0,50.0,22.0,CA0420000
2020.0,26.0,16.0,1.0,4.0,0.0,0.0,25.0,30.0,7.0,0.0,0.0,0.0,0.0,0.0,0.0,1.0,0.0,0.0,1.0,0.0,0.0,0.0,1.0,1.0,20.0,0.0,0.0,0.0,13.0,12.0,2.0,CA0420100
2020.0,67.0,243.0,3.0,33.0,0.0,3.0,38.0,145.0,68.0,1.0,3.0,10.0,0.0,0.0,0.0,18.0,3.0,0.0,4.0,2.0,2.0,0.0,1.0,5.0,178.0,30.0,0.0,1.0,25.0,28.0,10.0,CA0420200
2020.0,292.0,1454.0,8.0,93.0,0.0,10.0,189.0,904.0,0.0,4.0,12.0,27.0,0.0,0.0,0.0,106.0,31.0,0.0,38.0,3.0,0.0,1.0,7.0,50.0,281.0,17.0,0.0,23.0,69.0,51.0,29.0,CA0420300
2020.0,282.0,536.0,1.0,66.0,0.0,5.0,505.0,368.0,102.0,3.0,3.0,15.0,0.0,0.0,0.0,84.0,5.0,1.0,54.0,4.0,0.0,3.0,1.0,22.0,250.0,10.0,0.0,5.0,36.0,37.0,17.0,CA0420400
2020.0,33.0,75.0,1.0,9.0,0.0,1.0,12.0,216.0,30.0,0.0,3.0,1.0,0.0,0.0,0.0,12.0,5.0,1.0,9.0,0.0,0.0,0.0,0.0,2.0,31.0,15.0,0.0,0.0,14.0,20.0,2.0,CA0420500
2020.0,14.0,12.0,0.0,4.0,0.0,0.0,18.0,29.0,12.0,0.0,4.0,1.0,0.0,0.0,0.0,1.0,1.0,0.0,0.0,0.0,0.0,0.0,2.0,1.0,10.0,0.0,0.0,0.0,2.0,1.0,2.0,CA0421000
2020.0,21.0,21.0,0.0,2.0,0.0,0.0,18.0,51.0,4.0,0.0,1.0,4.0,0.0,0.0,0.0,3.0,3.0,0.0,5.0,0.0,0.0,0.0,0.0,1.0,4.0,1.0,0.0,0.0,1.0,2.0,0.0,CA0421200
2020.0,65.0,110.0,2.0,38.0,0.0,12.0,62.0,189.0,64.0,0.0,3.0,7.0,0.0,0.0,0.0,24.0,7.0,1.0,7.0,0.0,1.0,2.0,2.0,6.0,57.0,8.0,0.0,7.0,12.0,22.0,3.0,CA042140X
2020.0,3.0,17.0,0.0,4.0,0.0,2.0,8.0,16.0,9.0,0.0,0.0,1.0,0.0,0.0,0.0,7.0,25.0,0.0,4.0,0.0,1.0,0.0,0.0,0.0,7.0,0.0,0.0,8.0,2.0,6.0,1.0,CA0429700
2020.0,5.0,25.0,0.0,2.0,0.0,1.0,629.0,13.0,4.0,0.0,0.0,7.0,0.0,0.0,0.0,0.0,3.0,1.0,3.0,0.0,0.0,0.0,0.0,0.0,5.0,4.0,0.0,0.0,3.0,3.0,0.0,CA0429900
2020.0,239.0,405.0,4.0,50.0,0.0,2.0,56.0,300.0,31.0,2.0,7.0,11.0,0.0,0.0,0.0,34.0,0.0,0.0,82.0,1.0,1.0,1.0,18.0,18.0,154.0,40.0,0.0,3.0,33.0,40.0,48.0,CA0430000
2020.0,73.0,105.0,4.0,20.0,0.0,3.0,103.0,408.0,86.0,0.0,0.0,6.0,0.0,0.0,0.0,40.0,5.0,0.0,16.0,0.0,1.0,0.0,2.0,17.0,67.0,9.0,0.0,0.0,17.0,26.0,6.0,CA0430200
2020.0,5.0,28.0,0.0,15.0,0.0,2.0,21.0,60.0,0.0,1.0,0.0,0.0,0.0,0.0,0.0,10.0,0.0,0.0,6.0,1.0,0.0,0.0,1.0,1.0,12.0,4.0,0.0,2.0,9.0,3.0,0.0,CA0430300
2020.0,145.0,407.0,10.0,41.0,0.0,8.0,106.0,247.0,181.0,1.0,6.0,10.0,0.0,0.0,0.0,56.0,6.0,0.0,47.0,0.0,0.0,0.0,7.0,49.0,153.0,28.0,0.0,2.0,36.0,33.0,28.0,CA0430400
2020.0,7.0,12.0,0.0,5.0,0.0,0.0,8.0,26.0,6.0,0.0,2.0,2.0,0.0,0.0,0.0,12.0,0.0,1.0,2.0,1.0,0.0,0.0,2.0,2.0,7.0,1.0,0.0,1.0,4.0,1.0,2.0,CA0430500
2020.0,19.0,55.0,3.0,9.0,0.0,1.0,33.0,76.0,14.0,0.0,0.0,2.0,0.0,0.0,0.0,23.0,3.0,0.0,5.0,0.0,0.0,0.0,1.0,5.0,22.0,6.0,0.0,0.0,6.0,0.0,7.0,CA0430700
2020.0,136.0,201.0,4.0,32.0,15.0,3.0,91.0,433.0,28.0,2.0,6.0,10.0,0.0,0.0,0.0,93.0,3.0,1.0,40.0,1.0,0.0,3.0,5.0,18.0,114.0,21.0,0.0,9.0,21.0,22.0,21.0,CA0430800
2020.0,61.0,145.0,2.0,29.0,0.0,3.0,122.0,231.0,49.0,1.0,10.0,10.0,0.0,0.0,0.0,38.0,3.0,1.0,23.0,1.0,0.0,1.0,4.0,8.0,86.0,13.0,0.0,0.0,20.0,40.0,17.0,CA0431000
2020.0,100.0,135.0,2.0,34.0,0.0,3.0,79.0,232.0,152.0,0.0,3.0,8.0,0.0,0.0,0.0,75.0,0.0,0.0,15.0,0.0,0.0,1.0,4.0,17.0,117.0,21.0,0.0,2.0,18.0,30.0,17.0,CA0431100
2020.0,41.0,158.0,2.0,35.0,0.0,3.0,89.0,265.0,36.0,1.0,3.0,6.0,0.0,0.0,0.0,57.0,2.0,0.0,11.0,0.0,1.0,0.0,3.0,31.0,53.0,10.0,0.0,5.0,16.0,17.0,6.0,CA0431200
2020.0,1955.0,3461.0,33.0,408.0,7.0,65.0,605.0,3649.0,178.0,5.0,60.0,101.0,7.0,0.0,0.0,423.0,24.0,6.0,501.0,43.0,3.0,344.0,110.0,415.0,1455.0,122.0,0.0,5.0,351.0,528.0,241.0,CA0431300
2020.0,186.0,305.0,3.0,50.0,0.0,2.0,61.0,552.0,110.0,3.0,7.0,3.0,0.0,0.0,0.0,120.0,0.0,1.0,51.0,5.0,0.0,0.0,10.0,31.0,164.0,30.0,0.0,2.0,29.0,36.0,33.0,CA0431400
2020.0,3.0,3.0,0.0,5.0,0.0,0.0,6.0,11.0,0.0,0.0,0.0,0.0,0.0,0.0,0.0,3.0,0.0,0.0,1.0,1.0,0.0,0.0,0.0,0.0,0.0,4.0,0.0,0.0,0.0,1.0,3.0,CA0431500
2020.0,208.0,231.0,8.0,79.0,0.0,12.0,113.0,474.0,123.0,0.0,16.0,13.0,0.0,0.0,0.0,95.0,7.0,3.0,31.0,1.0,0.0,7.0,13.0,31.0,215.0,15.0,0.0,12.0,42.0,25.0,30.0,CA0431600
2020.0,7.0,99.0,1.0,10.0,0.0,19.0,18.0,194.0,6.0,0.0,2.0,1.0,0.0,0.0,0.0,13.0,2.0,0.0,11.0,0.0,0.0,0.0,1.0,3.0,16.0,6.0,0.0,0.0,2.0,32.0,11.0,CA0431700
2020.0,0.0,1.0,0.0,0.0,0.0,0.0,0.0,0.0,0.0,0.0,0.0,0.0,0.0,0.0,0.0,0.0,0.0,0.0,0.0,0.0,0.0,0.0,0.0,0.0,0.0,0.0,0.0,0.0,0.0,0.0,0.0,CA0433600
2020.0,31.0,62.0,4.0,1.0,0.0,1.0,2.0,184.0,12.0,0.0,0.0,6.0,0.0,0.0,0.0,5.0,0.0,0.0,8.0,0.0,0.0,0.0,0.0,20.0,74.0,8.0,0.0,0.0,38.0,22.0,3.0,CA043950X
2020.0,26.0,112.0,1.0,2.0,0.0,0.0,1168.0,46.0,9.0,0.0,0.0,41.0,0.0,0.0,0.0,6.0,0.0,0.0,11.0,0.0,0.0,1.0,1.0,0.0,31.0,15.0,0.0,0.0,14.0,17.0,2.0,CA0439900
2020.0,268.0,834.0,3.0,90.0,0.0,6.0,4.0,770.0,0.0,2.0,3.0,16.0,0.0,0.0,0.0,70.0,19.0,0.0,7.0,12.0,0.0,0.0,4.0,20.0,312.0,49.0,0.0,31.0,44.0,103.0,23.0,CA0440000
2020.0,18.0,46.0,0.0,28.0,0.0,1.0,20.0,60.0,69.0,1.0,1.0,2.0,0.0,0.0,0.0,21.0,0.0,0.0,5.0,0.0,0.0,0.0,0.0,3.0,37.0,5.0,0.0,0.0,5.0,2.0,1.0,CA0440100
2020.0,147.0,615.0,15.0,50.0,0.0,7.0,115.0,1054.0,471.0,1.0,10.0,19.0,0.0,0.0,0.0,90.0,10.0,1.0,28.0,3.0,1.0,0.0,4.0,28.0,267.0,31.0,0.0,22.0,98.0,63.0,19.0,CA0440200
2020.0,98.0,361.0,3.0,39.0,0.0,3.0,139.0,259.0,62.0,2.0,4.0,10.0,0.0,0.0,0.0,31.0,8.0,0.0,11.0,3.0,2.0,0.0,5.0,21.0,201.0,35.0,0.0,2.0,50.0,61.0,13.0,CA0440300
2020.0,10.0,45.0,0.0,12.0,0.0,0.0,30.0,102.0,20.0,0.0,4.0,2.0,0.0,0.0,0.0,1.0,3.0,0.0,1.0,0.0,0.0,0.0,0.0,1.0,17.0,4.0,0.0,0.0,5.0,4.0,2.0,CA0440400
2020.0,2.0,10.0,1.0,0.0,0.0,0.0,1.0,9.0,2.0,0.0,0.0,0.0,0.0,0.0,0.0,0.0,1.0,0.0,4.0,0.0,0.0,0.0,0.0,0.0,10.0,0.0,0.0,0.0,2.0,1.0,1.0,CA0440800
2020.0,1.0,9.0,0.0,0.0,0.0,20.0,3.0,7.0,4.0,0.0,0.0,1.0,0.0,0.0,0.0,0.0,0.0,0.0,0.0,0.0,0.0,0.0,0.0,0.0,4.0,1.0,0.0,0.0,7.0,0.0,0.0,CA0449700
2020.0,5.0,46.0,0.0,0.0,0.0,4.0,977.0,40.0,22.0,0.0,0.0,16.0,0.0,0.0,0.0,0.0,9.0,1.0,6.0,0.0,0.0,0.0,0.0,0.0,12.0,7.0,0.0,0.0,3.0,12.0,0.0,CA0449900
2020.0,2.0,214.0,0.0,1.0,0.0,0.0,1.0,164.0,2.0,0.0,0.0,0.0,0.0,0.0,0.0,7.0,0.0,0.0,0.0,0.0,0.0,0.0,0.0,0.0,8.0,0.0,0.0,0.0,0.0,3.0,0.0,CA0450000
2020.0,29.0,143.0,0.0,15.0,0.0,0.0,43.0,379.0,18.0,0.0,0.0,6.0,0.0,0.0,0.0,14.0,1.0,0.0,8.0,0.0,0.0,1.0,5.0,3.0,66.0,25.0,0.0,6.0,4.0,35.0,2.0,CA0450100
2020.0,382.0,3044.0,7.0,124.0,0.0,6.0,288.0,1840.0,335.0,0.0,13.0,32.0,0.0,0.0,0.0,129.0,34.0,2.0,45.0,4.0,5.0,0.0,14.0,45.0,269.0,96.0,0.0,9.0,91.0,186.0,45.0,CA0450200
2020.0,1.0,52.0,0.0,0.0,0.0,0.0,242.0,17.0,4.0,0.0,0.0,15.0,0.0,0.0,0.0,0.0,0.0,1.0,7.0,0.0,0.0,0.0,0.0,0.0,12.0,2.0,0.0,0.0,3.0,6.0,0.0,CA0459900
2020.0,12.0,11.0,2.0,4.0,0.0,0.0,25.0,19.0,5.0,0.0,1.0,1.0,0.0,0.0,0.0,2.0,0.0,0.0,0.0,1.0,1.0,0.0,1.0,0.0,10.0,1.0,0.0,0.0,3.0,1.0,0.0,CA0460000
2020.0,69.0,314.0,3.0,16.0,0.0,2.0,10.0,125.0,1.0,0.0,3.0,2.0,0.0,0.0,0.0,9.0,0.0,0.0,11.0,2.0,0.0,0.0,0.0,2.0,62.0,6.0,0.0,1.0,14.0,30.0,4.0,CA0470000
2020.0,0.0,11.0,0.0,0.0,0.0,0.0,0.0,4.0,0.0,0.0,0.0,0.0,0.0,0.0,0.0,3.0,1.0,0.0,0.0,0.0,0.0,0.0,0.0,0.0,3.0,0.0,0.0,0.0,0.0,0.0,0.0,CA0470100
2020.0,0.0,6.0,0.0,0.0,0.0,0.0,0.0,2.0,0.0,0.0,0.0,0.0,0.0,0.0,0.0,0.0,0.0,0.0,0.0,0.0,0.0,0.0,0.0,0.0,2.0,0.0,0.0,0.0,0.0,0.0,0.0,CA0470300
2020.0,10.0,20.0,1.0,3.0,0.0,0.0,11.0,8.0,27.0,0.0,0.0,2.0,0.0,0.0,0.0,2.0,0.0,0.0,1.0,0.0,0.0,0.0,0.0,0.0,6.0,0.0,0.0,0.0,3.0,0.0,2.0,CA0470600
2020.0,9.0,30.0,1.0,7.0,0.0,1.0,3.0,68.0,9.0,0.0,0.0,2.0,0.0,0.0,0.0,1.0,0.0,0.0,2.0,0.0,0.0,0.0,0.0,0.0,20.0,0.0,0.0,1.0,5.0,7.0,0.0,CA0470800
2020.0,34.0,168.0,2.0,5.0,0.0,1.0,11.0,82.0,103.0,0.0,2.0,1.0,0.0,0.0,0.0,12.0,0.0,0.0,8.0,0.0,0.0,0.0,0.0,2.0,36.0,3.0,0.0,4.0,6.0,13.0,0.0,CA0470900
2020.0,4.0,10.0,0.0,0.0,0.0,0.0,6.0,14.0,1.0,0.0,2.0,0.0,0.0,0.0,0.0,1.0,0.0,0.0,0.0,0.0,0.0,0.0,0.0,0.0,9.0,0.0,0.0,0.0,0.0,1.0,0.0,CA0471000
2020.0,3.0,118.0,0.0,0.0,0.0,0.0,184.0,36.0,6.0,0.0,0.0,19.0,0.0,0.0,0.0,3.0,1.0,0.0,1.0,0.0,0.0,0.0,0.0,0.0,7.0,0.0,0.0,0.0,2.0,12.0,0.0,CA0479900
2020.0,71.0,963.0,1.0,12.0,0.0,2.0,17.0,268.0,6.0,1.0,1.0,6.0,0.0,0.0,0.0,16.0,0.0,0.0,49.0,2.0,0.0,2.0,1.0,1.0,47.0,17.0,0.0,1.0,7.0,60.0,8.0,CA0480000
2020.0,28.0,87.0,1.0,5.0,0.0,0.0,21.0,61.0,0.0,0.0,1.0,2.0,0.0,0.0,0.0,5.0,0.0,0.0,0.0,0.0,0.0,0.0,0.0,1.0,50.0,3.0,0.0,0.0,8.0,8.0,0.0,CA0480100
2020.0,45.0,111.0,0.0,20.0,0.0,0.0,48.0,131.0,15.0,0.0,5.0,10.0,0.0,0.0,0.0,13.0,1.0,0.0,4.0,0.0,0.0,0.0,0.0,5.0,49.0,17.0,0.0,1.0,11.0,22.0,2.0,CA0480200
2020.0,359.0,559.0,10.0,140.0,0.0,16.0,307.0,407.0,72.0,1.0,6.0,14.0,0.0,0.0,0.0,61.0,0.0,1.0,38.0,11.0,0.0,0.0,5.0,63.0,428.0,54.0,0.0,10.0,88.0,89.0,28.0,CA0480300
2020.0,9.0,44.0,0.0,0.0,0.0,0.0,31.0,74.0,4.0,0.0,1.0,1.0,0.0,0.0,0.0,1.0,2.0,0.0,6.0,0.0,0.0,0.0,0.0,0.0,19.0,0.0,0.0,0.0,1.0,5.0,1.0,CA0480400
2020.0,88.0,211.0,7.0,17.0,0.0,3.0,56.0,134.0,27.0,0.0,2.0,1.0,0.0,0.0,0.0,15.0,0.0,0.0,3.0,1.0,0.0,0.0,0.0,6.0,74.0,16.0,0.0,2.0,14.0,15.0,7.0,CA0480500
2020.0,216.0,380.0,17.0,228.0,0.0,16.0,148.0,712.0,189.0,4.0,13.0,18.0,0.0,0.0,0.0,119.0,0.0,0.0,62.0,2.0,1.0,4.0,1.0,33.0,184.0,71.0,0.0,141.0,41.0,173.0,18.0,CA0480600
2020.0,230.0,274.0,15.0,77.0,0.0,7.0,59.0,191.0,57.0,3.0,5.0,8.0,0.0,0.0,0.0,16.0,1.0,0.0,82.0,5.0,0.0,14.0,4.0,48.0,205.0,97.0,0.0,1.0,50.0,89.0,10.0,CA0480700
2020.0,15.0,81.0,3.0,0.0,0.0,1.0,675.0,23.0,5.0,0.0,0.0,21.0,0.0,0.0,0.0,3.0,1.0,1.0,7.0,1.0,0.0,0.0,0.0,0.0,20.0,2.0,0.0,0.0,6.0,10.0,0.0,CA0489900
2020.0,274.0,636.0,8.0,89.0,0.0,4.0,7.0,392.0,53.0,1.0,12.0,10.0,0.0,0.0,0.0,33.0,2.0,0.0,27.0,0.0,6.0,1.0,8.0,19.0,294.0,57.0,0.0,3.0,33.0,50.0,22.0,CA0490000
2020.0,18.0,150.0,0.0,2.0,0.0,1.0,23.0,43.0,5.0,0.0,0.0,1.0,0.0,0.0,0.0,0.0,0.0,0.0,1.0,0.0,0.0,0.0,0.0,0.0,13.0,2.0,0.0,1.0,1.0,2.0,0.0,CA0490100
2020.0,15.0,45.0,0.0,6.0,0.0,0.0,38.0,56.0,8.0,0.0,1.0,1.0,0.0,0.0,0.0,4.0,1.0,0.0,2.0,1.0,0.0,0.0,0.0,0.0,34.0,4.0,0.0,1.0,1.0,4.0,2.0,CA0490200
2020.0,27.0,56.0,1.0,15.0,0.0,2.0,33.0,97.0,9.0,0.0,2.0,2.0,0.0,0.0,0.0,6.0,3.0,0.0,4.0,0.0,0.0,0.0,0.0,5.0,21.0,1.0,0.0,0.0,3.0,9.0,3.0,CA0490300
2020.0,144.0,362.0,3.0,29.0,0.0,2.0,112.0,267.0,32.0,2.0,3.0,99.0,0.0,0.0,0.0,49.0,12.0,0.0,7.0,1.0,1.0,0.0,4.0,11.0,173.0,25.0,0.0,1.0,20.0,14.0,17.0,CA0490400
2020.0,9.0,99.0,0.0,9.0,0.0,4.0,31.0,96.0,17.0,0.0,0.0,5.0,0.0,0.0,0.0,15.0,9.0,0.0,2.0,1.0,0.0,0.0,1.0,8.0,18.0,10.0,0.0,0.0,9.0,10.0,0.0,CA0490600
2020.0,17.0,52.0,0.0,6.0,0.0,1.0,11.0,40.0,8.0,0.0,0.0,1.0,0.0,0.0,0.0,3.0,6.0,0.0,1.0,0.0,0.0,1.0,1.0,0.0,17.0,2.0,0.0,2.0,1.0,3.0,2.0,CA0490700
2020.0,95.0,401.0,1.0,14.0,0.0,4.0,68.0,142.0,41.0,1.0,0.0,0.0,0.0,0.0,0.0,20.0,3.0,2.0,9.0,0.0,1.0,2.0,6.0,10.0,100.0,6.0,0.0,2.0,20.0,10.0,3.0,CA0490800
2020.0,2.0,19.0,0.0,0.0,0.0,0.0,5.0,4.0,0.0,0.0,0.0,1.0,0.0,0.0,0.0,0.0,0.0,0.0,1.0,0.0,0.0,0.0,0.0,0.0,0.0,0.0,0.0,0.0,0.0,1.0,0.0,CA0490900
2020.0,0.0,57.0,0.0,0.0,0.0,0.0,5.0,19.0,0.0,0.0,0.0,0.0,0.0,0.0,0.0,0.0,2.0,0.0,0.0,0.0,0.0,0.0,0.0,0.0,2.0,0.0,0.0,0.0,1.0,1.0,0.0,CA0491100
2020.0,2.0,15.0,0.0,0.0,0.0,0.0,3.0,8.0,2.0,0.0,0.0,0.0,0.0,0.0,0.0,0.0,7.0,0.0,2.0,0.0,0.0,0.0,0.0,0.0,1.0,0.0,0.0,0.0,0.0,1.0,0.0,CA0491200
2020.0,18.0,90.0,0.0,76.0,0.0,1.0,29.0,44.0,7.0,1.0,1.0,3.0,0.0,0.0,0.0,17.0,2.0,0.0,1.0,0.0,1.0,0.0,0.0,4.0,40.0,5.0,0.0,1.0,9.0,6.0,3.0,CA049150X
2020.0,6.0,56.0,0.0,1.0,0.0,0.0,615.0,26.0,6.0,1.0,1.0,4.0,0.0,0.0,0.0,3.0,0.0,1.0,7.0,0.0,0.0,0.0,0.0,0.0,8.0,3.0,0.0,5.0,3.0,6.0,2.0,CA0499900
2020.0,460.0,544.0,3.0,42.0,0.0,16.0,6.0,390.0,38.0,2.0,5.0,15.0,0.0,0.0,0.0,36.0,0.0,0.0,19.0,12.0,8.0,1.0,9.0,31.0,387.0,75.0,0.0,3.0,66.0,101.0,35.0,CA0500000
2020.0,148.0,182.0,4.0,67.0,0.0,3.0,136.0,148.0,105.0,1.0,5.0,15.0,0.0,0.0,0.0,31.0,0.0,2.0,25.0,1.0,2.0,0.0,6.0,24.0,131.0,18.0,0.0,1.0,32.0,30.0,14.0,CA0500100
2020.0,864.0,3972.0,26.0,151.0,0.0,34.0,531.0,2053.0,446.0,1.0,16.0,55.0,2.0,0.0,0.0,230.0,6.0,1.0,62.0,14.0,2.0,1.0,22.0,135.0,818.0,153.0,0.0,15.0,194.0,372.0,80.0,CA0500200
2020.0,20.0,93.0,1.0,6.0,0.0,1.0,14.0,57.0,12.0,0.0,3.0,4.0,0.0,0.0,0.0,2.0,0.0,0.0,5.0,0.0,0.0,0.0,0.0,1.0,15.0,1.0,0.0,0.0,11.0,2.0,1.0,CA0500300
2020.0,78.0,528.0,6.0,26.0,0.0,5.0,95.0,456.0,96.0,0.0,10.0,6.0,0.0,0.0,0.0,17.0,1.0,0.0,5.0,1.0,6.0,0.0,3.0,10.0,106.0,13.0,0.0,0.0,19.0,44.0,5.0,CA0500400
2020.0,79.0,118.0,0.0,8.0,0.0,4.0,29.0,62.0,7.0,2.0,1.0,5.0,0.0,0.0,0.0,7.0,0.0,0.0,4.0,1.0,0.0,50.0,0.0,6.0,56.0,11.0,0.0,0.0,14.0,39.0,10.0,CA0500500
2020.0,68.0,72.0,1.0,26.0,0.0,1.0,41.0,62.0,8.0,0.0,0.0,4.0,0.0,0.0,0.0,6.0,11.0,0.0,7.0,0.0,1.0,0.0,0.0,1.0,47.0,9.0,0.0,0.0,12.0,28.0,4.0,CA0500600
2020.0,184.0,585.0,0.0,25.0,0.0,2.0,95.0,199.0,192.0,2.0,4.0,6.0,0.0,0.0,0.0,52.0,0.0,0.0,16.0,3.0,1.0,6.0,10.0,22.0,200.0,19.0,0.0,0.0,29.0,48.0,26.0,CA0500700
2020.0,47.0,18.0,1.0,3.0,0.0,1.0,9.0,40.0,5.0,0.0,0.0,3.0,0.0,0.0,0.0,4.0,0.0,0.0,2.0,0.0,1.0,0.0,0.0,7.0,34.0,5.0,0.0,0.0,6.0,7.0,1.0,CA0500800
2020.0,13.0,31.0,0.0,3.0,0.0,0.0,5.0,20.0,5.0,0.0,1.0,3.0,0.0,0.0,0.0,7.0,0.0,0.0,1.0,0.0,0.0,0.0,1.0,4.0,9.0,2.0,0.0,3.0,2.0,8.0,1.0,CA0500900
2020.0,0.0,13.0,0.0,0.0,0.0,0.0,0.0,0.0,0.0,0.0,0.0,0.0,0.0,0.0,0.0,0.0,0.0,0.0,0.0,0.0,0.0,0.0,0.0,0.0,0.0,0.0,0.0,0.0,0.0,0.0,0.0,CA050120X
2020.0,10.0,143.0,0.0,1.0,0.0,0.0,1141.0,41.0,15.0,0.0,1.0,42.0,0.0,0.0,0.0,2.0,1.0,5.0,5.0,0.0,0.0,1.0,0.0,1.0,15.0,1.0,0.0,0.0,4.0,23.0,0.0,CA0509900
2020.0,66.0,208.0,1.0,18.0,0.0,4.0,44.0,188.0,1.0,2.0,0.0,3.0,0.0,0.0,0.0,94.0,0.0,0.0,11.0,4.0,0.0,0.0,1.0,5.0,54.0,8.0,0.0,3.0,9.0,31.0,3.0,CA0510000
2020.0,228.0,623.0,4.0,83.0,6.0,7.0,174.0,365.0,158.0,2.0,7.0,6.0,0.0,0.0,0.0,272.0,10.0,1.0,32.0,4.0,1.0,0.0,8.0,37.0,162.0,35.0,0.0,6.0,43.0,43.0,18.0,CA0510200
2020.0,1.0,25.0,0.0,0.0,0.0,0.0,123.0,10.0,1.0,0.0,0.0,2.0,0.0,0.0,0.0,0.0,0.0,2.0,2.0,0.0,0.0,0.0,0.0,0.0,0.0,0.0,0.0,1.0,1.0,1.0,1.0,CA0519900
2020.0,70.0,95.0,0.0,6.0,0.0,1.0,0.0,109.0,16.0,0.0,1.0,1.0,0.0,0.0,0.0,6.0,2.0,0.0,1.0,1.0,0.0,0.0,2.0,1.0,53.0,4.0,0.0,2.0,8.0,15.0,1.0,CA0520000
2020.0,12.0,34.0,2.0,4.0,1.0,0.0,25.0,162.0,39.0,1.0,0.0,1.0,0.0,0.0,0.0,3.0,1.0,0.0,0.0,0.0,2.0,0.0,0.0,0.0,27.0,16.0,0.0,0.0,0.0,4.0,1.0,CA0520100
2020.0,67.0,130.0,9.0,68.0,0.0,14.0,60.0,164.0,74.0,0.0,1.0,5.0,0.0,0.0,0.0,68.0,0.0,0.0,1.0,1.0,0.0,0.0,3.0,9.0,102.0,21.0,0.0,7.0,34.0,25.0,14.0,CA0520200
2020.0,4.0,106.0,0.0,1.0,0.0,0.0,162.0,35.0,2.0,1.0,2.0,15.0,0.0,0.0,0.0,3.0,0.0,1.0,0.0,0.0,1.0,0.0,1.0,0.0,9.0,3.0,0.0,0.0,3.0,8.0,3.0,CA0529900
2020.0,50.0,83.0,2.0,8.0,0.0,0.0,63.0,77.0,10.0,0.0,1.0,0.0,0.0,0.0,0.0,2.0,0.0,0.0,7.0,2.0,0.0,0.0,3.0,0.0,24.0,2.0,0.0,1.0,5.0,21.0,0.0,CA0530000
2020.0,5.0,35.0,0.0,0.0,0.0,0.0,60.0,3.0,5.0,0.0,0.0,5.0,0.0,0.0,0.0,0.0,0.0,0.0,0.0,0.0,0.0,0.0,0.0,0.0,3.0,0.0,0.0,0.0,0.0,1.0,0.0,CA0539900
2020.0,728.0,450.0,17.0,182.0,0.0,14.0,196.0,1364.0,261.0,1.0,40.0,43.0,0.0,0.0,0.0,107.0,4.0,2.0,41.0,27.0,4.0,9.0,15.0,52.0,545.0,141.0,0.0,1.0,84.0,245.0,68.0,CA0540000
2020.0,97.0,250.0,2.0,16.0,0.0,0.0,81.0,112.0,30.0,0.0,1.0,4.0,0.0,0.0,0.0,21.0,0.0,0.0,2.0,1.0,0.0,0.0,2.0,13.0,76.0,8.0,0.0,0.0,10.0,14.0,12.0,CA0540100
2020.0,29.0,223.0,2.0,9.0,0.0,0.0,49.0,125.0,1.0,0.0,9.0,4.0,0.0,0.0,0.0,10.0,0.0,0.0,4.0,0.0,0.0,0.0,0.0,4.0,36.0,21.0,0.0,2.0,10.0,14.0,2.0,CA0540200
2020.0,23.0,175.0,1.0,8.0,0.0,0.0,34.0,63.0,13.0,1.0,0.0,0.0,0.0,0.0,0.0,1.0,0.0,0.0,0.0,3.0,0.0,0.0,2.0,0.0,24.0,2.0,0.0,0.0,3.0,2.0,3.0,CA0540300
2020.0,34.0,28.0,1.0,8.0,0.0,1.0,17.0,46.0,15.0,0.0,2.0,0.0,0.0,0.0,0.0,2.0,0.0,0.0,3.0,0.0,0.0,0.0,0.0,1.0,26.0,7.0,0.0,0.0,4.0,11.0,2.0,CA0540400
2020.0,260.0,1016.0,6.0,82.0,0.0,7.0,242.0,973.0,261.0,5.0,23.0,32.0,0.0,0.0,0.0,44.0,4.0,1.0,38.0,4.0,7.0,0.0,5.0,33.0,232.0,26.0,0.0,0.0,16.0,113.0,29.0,CA0540500
2020.0,305.0,449.0,4.0,104.0,0.0,1.0,199.0,477.0,147.0,0.0,17.0,15.0,0.0,0.0,0.0,67.0,0.0,0.0,34.0,3.0,0.0,7.0,15.0,16.0,283.0,80.0,0.0,3.0,39.0,73.0,22.0,CA0540600
2020.0,432.0,2402.0,13.0,187.0,0.0,13.0,320.0,1252.0,649.0,5.0,13.0,13.0,1.0,0.0,0.0,91.0,4.0,0.0,31.0,9.0,2.0,6.0,8.0,41.0,256.0,73.0,0.0,15.0,75.0,176.0,29.0,CA0540700
2020.0,40.0,130.0,0.0,10.0,0.0,0.0,16.0,89.0,23.0,0.0,0.0,2.0,0.0,0.0,0.0,5.0,0.0,0.0,10.0,0.0,1.0,0.0,0.0,6.0,48.0,1.0,0.0,1.0,11.0,11.0,4.0,CA0540800
2020.0,0.0,1.0,0.0,0.0,0.0,0.0,0.0,0.0,0.0,0.0,0.0,0.0,0.0,0.0,0.0,0.0,0.0,0.0,0.0,0.0,0.0,0.0,0.0,0.0,0.0,0.0,0.0,0.0,0.0,0.0,0.0,CA054100X
2020.0,2.0,8.0,0.0,0.0,0.0,0.0,0.0,12.0,0.0,0.0,0.0,1.0,0.0,0.0,0.0,2.0,13.0,0.0,0.0,0.0,0.0,0.0,0.0,0.0,3.0,0.0,0.0,0.0,0.0,1.0,0.0,CA0541100
2020.0,0.0,70.0,0.0,0.0,0.0,0.0,1070.0,25.0,10.0,0.0,0.0,30.0,0.0,0.0,0.0,2.0,0.0,6.0,8.0,1.0,0.0,0.0,0.0,0.0,11.0,12.0,0.0,0.0,2.0,14.0,1.0,CA0549900
2020.0,132.0,552.0,6.0,32.0,0.0,0.0,4.0,408.0,71.0,2.0,6.0,4.0,0.0,0.0,0.0,16.0,2.0,0.0,1.0,2.0,0.0,0.0,7.0,3.0,129.0,12.0,0.0,1.0,15.0,26.0,9.0,CA0550000
2020.0,41.0,257.0,6.0,28.0,0.0,5.0,36.0,95.0,86.0,0.0,1.0,4.0,0.0,0.0,0.0,42.0,1.0,0.0,0.0,0.0,0.0,0.0,1.0,5.0,43.0,4.0,0.0,1.0,10.0,12.0,1.0,CA0550100
2020.0,3.0,49.0,0.0,3.0,0.0,0.0,263.0,12.0,5.0,0.0,0.0,13.0,0.0,0.0,0.0,0.0,0.0,1.0,1.0,0.0,0.0,0.0,0.0,0.0,7.0,4.0,0.0,0.0,2.0,2.0,0.0,CA0559900
2020.0,278.0,2478.0,9.0,59.0,0.0,16.0,127.0,2478.0,75.0,0.0,19.0,17.0,0.0,0.0,0.0,129.0,22.0,1.0,54.0,8.0,0.0,2.0,9.0,20.0,290.0,35.0,0.0,25.0,99.0,178.0,37.0,CA0560000
2020.0,122.0,583.0,4.0,22.0,0.0,9.0,146.0,1471.0,137.0,0.0,17.0,11.0,0.0,0.0,0.0,134.0,14.0,0.0,23.0,0.0,0.0,2.0,3.0,13.0,151.0,37.0,0.0,7.0,53.0,70.0,17.0,CA0560100
2020.0,53.0,248.0,3.0,9.0,0.0,2.0,33.0,326.0,29.0,0.0,1.0,1.0,0.0,0.0,0.0,37.0,9.0,0.0,13.0,0.0,0.0,0.0,0.0,5.0,47.0,1.0,0.0,2.0,24.0,17.0,5.0,CA0560200
2020.0,13.0,202.0,0.0,3.0,0.0,0.0,12.0,65.0,12.0,0.0,2.0,3.0,0.0,0.0,0.0,11.0,1.0,0.0,1.0,0.0,0.0,0.0,0.0,2.0,30.0,3.0,0.0,0.0,4.0,5.0,0.0,CA0560300
2020.0,406.0,1906.0,13.0,192.0,34.0,18.0,523.0,1632.0,107.0,0.0,2.0,48.0,2.0,0.0,0.0,233.0,16.0,0.0,115.0,9.0,2.0,8.0,8.0,84.0,514.0,49.0,0.0,214.0,169.0,176.0,43.0,CA0560400
2020.0,25.0,166.0,0.0,13.0,2.0,1.0,22.0,257.0,0.0,0.0,1.0,2.0,0.0,0.0,0.0,27.0,2.0,0.0,54.0,0.0,0.0,0.0,1.0,5.0,76.0,3.0,0.0,0.0,37.0,12.0,1.0,CA0560500
2020.0,69.0,224.0,2.0,21.0,0.0,1.0,41.0,371.0,14.0,0.0,1.0,1.0,0.0,0.0,0.0,19.0,17.0,0.0,10.0,0.0,1.0,0.0,0.0,6.0,161.0,5.0,0.0,2.0,31.0,45.0,4.0,CA0560600
2020.0,175.0,695.0,1.0,65.0,0.0,12.0,159.0,923.0,161.0,0.0,6.0,6.0,0.0,0.0,0.0,153.0,13.0,0.0,42.0,1.0,0.0,7.0,5.0,17.0,195.0,39.0,0.0,3.0,53.0,51.0,11.0,CA0560700
2020.0,313.0,1055.0,12.0,149.0,5.0,17.0,166.0,1250.0,262.0,1.0,2.0,14.0,0.0,0.0,0.0,162.0,4.0,0.0,32.0,1.0,3.0,7.0,3.0,46.0,416.0,62.0,0.0,127.0,129.0,86.0,39.0,CA0560800
2020.0,113.0,437.0,1.0,62.0,0.0,3.0,155.0,479.0,77.0,0.0,6.0,6.0,0.0,0.0,0.0,88.0,3.0,0.0,17.0,4.0,0.0,0.0,1.0,14.0,131.0,4.0,0.0,6.0,37.0,34.0,7.0,CA0560900
2020.0,64.0,227.0,0.0,7.0,0.0,3.0,88.0,563.0,77.0,0.0,5.0,10.0,0.0,0.0,0.0,39.0,9.0,0.0,8.0,1.0,0.0,0.0,1.0,0.0,63.0,12.0,0.0,0.0,24.0,16.0,3.0,CA056140X
2020.0,0.0,2.0,0.0,0.0,0.0,0.0,15.0,2.0,0.0,0.0,0.0,0.0,0.0,0.0,0.0,0.0,2.0,0.0,0.0,0.0,0.0,0.0,0.0,0.0,0.0,1.0,0.0,0.0,0.0,1.0,0.0,CA0561700
2020.0,7.0,11.0,0.0,0.0,0.0,0.0,2.0,19.0,1.0,0.0,0.0,0.0,0.0,0.0,0.0,0.0,4.0,0.0,0.0,0.0,0.0,0.0,0.0,0.0,2.0,0.0,0.0,0.0,2.0,0.0,0.0,CA0562200
2020.0,1.0,9.0,0.0,1.0,0.0,1.0,1.0,32.0,0.0,0.0,1.0,1.0,0.0,0.0,0.0,0.0,4.0,0.0,1.0,0.0,0.0,0.0,0.0,1.0,4.0,1.0,0.0,0.0,1.0,3.0,0.0,CA056800X
2020.0,14.0,41.0,0.0,1.0,0.0,0.0,971.0,81.0,8.0,0.0,2.0,8.0,0.0,0.0,0.0,0.0,1.0,2.0,3.0,0.0,0.0,0.0,0.0,1.0,22.0,0.0,0.0,0.0,8.0,10.0,1.0,CA0569900
2020.0,59.0,311.0,1.0,40.0,0.0,1.0,23.0,342.0,15.0,0.0,2.0,5.0,0.0,0.0,0.0,14.0,0.0,1.0,26.0,0.0,1.0,0.0,2.0,2.0,53.0,12.0,0.0,0.0,14.0,30.0,6.0,CA0570000
2020.0,53.0,163.0,2.0,35.0,0.0,2.0,40.0,92.0,62.0,0.0,0.0,2.0,0.0,0.0,0.0,29.0,0.0,0.0,19.0,0.0,0.0,0.0,2.0,9.0,69.0,13.0,0.0,10.0,16.0,6.0,2.0,CA0570100
2020.0,17.0,19.0,0.0,3.0,0.0,0.0,8.0,5.0,9.0,0.0,1.0,0.0,0.0,0.0,0.0,0.0,0.0,0.0,5.0,1.0,0.0,0.0,0.0,1.0,12.0,0.0,0.0,0.0,3.0,4.0,0.0,CA0570200
2020.0,120.0,363.0,11.0,52.0,0.0,2.0,81.0,271.0,51.0,3.0,5.0,4.0,0.0,0.0,0.0,48.0,1.0,0.0,21.0,2.0,0.0,0.0,2.0,23.0,144.0,12.0,0.0,19.0,38.0,24.0,17.0,CA0570300
2020.0,189.0,245.0,8.0,35.0,0.0,1.0,59.0,254.0,69.0,3.0,3.0,6.0,0.0,0.0,0.0,82.0,0.0,0.0,20.0,3.0,2.0,1.0,3.0,20.0,133.0,27.0,0.0,2.0,24.0,26.0,2.0,CA0570400
2020.0,0.0,8.0,0.0,2.0,0.0,3.0,1.0,9.0,0.0,0.0,0.0,0.0,0.0,0.0,0.0,3.0,0.0,0.0,1.0,0.0,0.0,0.0,0.0,0.0,7.0,0.0,0.0,0.0,0.0,1.0,1.0,CA0579700
2020.0,2.0,6.0,0.0,0.0,0.0,0.0,134.0,4.0,2.0,0.0,0.0,2.0,0.0,0.0,0.0,0.0,0.0,0.0,1.0,0.0,0.0,0.0,0.0,0.0,5.0,0.0,0.0,0.0,2.0,0.0,0.0,CA0579900
2020.0,193.0,281.0,4.0,35.0,0.0,0.0,14.0,259.0,103.0,0.0,2.0,8.0,0.0,0.0,0.0,10.0,3.0,0.0,34.0,1.0,1.0,0.0,4.0,12.0,62.0,8.0,0.0,0.0,28.0,41.0,25.0,CA0580000
2020.0,74.0,207.0,2.0,26.0,0.0,0.0,59.0,179.0,134.0,1.0,3.0,5.0,0.0,0.0,0.0,11.0,3.0,0.0,6.0,0.0,1.0,0.0,2.0,3.0,47.0,18.0,0.0,3.0,17.0,8.0,10.0,CA0580100
2020.0,9.0,15.0,0.0,1.0,0.0,0.0,44.0,151.0,3.0,0.0,1.0,5.0,0.0,0.0,0.0,1.0,4.0,0.0,0.0,0.0,0.0,0.0,0.0,1.0,9.0,2.0,0.0,0.0,3.0,12.0,2.0,CA0580200
2020.0,1.0,46.0,1.0,0.0,0.0,2.0,213.0,23.0,4.0,0.0,0.0,6.0,0.0,0.0,0.0,1.0,0.0,2.0,15.0,1.0,0.0,0.0,0.0,0.0,10.0,0.0,0.0,0.0,1.0,6.0,0.0,CA0589900
2020.0,13.0,59.0,0.0,3.0,0.0,0.0,41.0,54.0,15.0,0.0,0.0,0.0,0.0,0.0,0.0,2.0,0.0,0.0,13.0,0.0,0.0,0.0,0.0,1.0,8.0,0.0,0.0,0.0,0.0,10.0,0.0,CADIT0400
